Time;Frequency (Hz)1;Frequency (Hz)2;Frequency (Hz)3;Frequency (Hz)4;Frequency (Hz)5
23.725;12422.1;60.465;;;
12.119;12423.7;61.5038;;;
72.037;12422.5;62.319;2265.41;;
132.078;12416.3;67.1397;;;
192.149;12410.4;;;;
252.227;12408.9;59.8059;;;
312.281;12406.8;63.2495;;;
372.428;12406.0;64.2977;;;
432.373;12409.9;64.0555;;;
492.423;12416.7;63.4788;;;
552.446;12414.3;62.7797;2267.18;;
612.465;12406.0;66.9335;;;
672.681;12408.1;62.7042;;;
732.711;12405.7;66.831;;;
792.755;12401.7;65.2145;;;
852.788;12406.7;68.0336;;;
912.765;12398.5;69.3104;;;
972.816;12384.7;67.1114;;;
1032.884;12381.3;65.92;;;
1092.9821;12388.0;65.6393;;;
1153.025;12388.9;65.6553;;;
1213.062;12383.9;64.8808;;;
1273.046;12368.5;62.8141;;;
1333.098;12365.3;62.2596;;;
1393.3051;12370.5;65.4222;1606.53;;
1453.1899;12366.9;65.1264;;;
1513.334;12355.5;64.0195;;;
1573.351;12345.7;63.8858;;;
1633.374;12344.0;65.5531;;;
1693.421;12338.7;65.6755;;;
1753.446;12333.5;63.3192;;;
1813.473;12329.8;65.2952;;;
1873.687;12330.0;64.0069;;;
1933.7321;12322.2;64.8992;;;
1993.746;12316.2;65.3761;;;
2053.769;12302.3;;;;
2113.7981;12297.1;65.287;;;
2173.822;12294.7;68.3818;;;
2234.0549;12288.7;69.0728;;;
2294.105;12283.0;69.2918;;;
2353.9729;12276.7;69.6008;;;
2414.1699;12272.9;69.9235;;;
2474.1699;12266.2;70.4368;;;
2534.1169;12261.6;73.6888;;;
2594.2629;12255.1;70.357;;;
2654.2319;12247.8;71.1558;;;
2714.4399;12239.3;74.3342;;;
2774.436;12232.2;72.5291;;;
2834.542;12222.3;66.6965;;;
2894.5061;12215.2;66.6275;;;
2954.5339;12207.9;68.203;;;
3014.6599;12200.1;67.7275;;;
3074.6331;12196.4;66.0942;;;
3134.627;12184.3;68.3268;;;
3194.821;12180.5;76.3527;;;
3254.8191;12173.1;68.2973;;;
3314.8469;12158.4;67.0269;;;
3374.926;12152.8;65.8327;;;
3434.8589;12143.4;71.0295;;;
3494.9089;12136.8;71.0636;;;
3555.0681;12126.1;71.4256;;;
3615.0801;12112.4;73.9643;;;
3675.075;12105.5;69.6868;9218.71;;
3735.115;12085.9;;;;
3795.3159;12079.0;73.8063;9117.42;;
3855.3159;12058.2;87.2264;;;
3915.3669;12044.3;297.218;;;
3975.3521;12027.8;;;;
4035.491;12010.5;;;;
4095.5149;11991.2;84.0896;;;
4155.5068;11970.7;;;;
4215.5381;11957.5;87.5533;;;
4275.624;11945.3;89.1107;9168.21;;
4335.689;11935.5;78.931;;;
4395.709;11925.7;79.861;;;
4455.875;11918.1;80.6551;;;
4515.8921;11910.7;;;;
4575.9258;11896.8;82.365;;;
4635.9741;11882.7;81.9502;;;
4696.0112;11866.7;80.0593;;;
4756.0112;11849.3;81.0849;;;
4816.0669;11829.3;81.1888;;;
4876.0708;11806.0;81.1291;6838.77;;
4936.1211;11782.2;80.728;;;
4996.1792;11754.1;81.571;;;
5056.354;11718.3;81.9734;6597.51;;
5116.3862;11682.2;83.1536;6875.02;;
5176.4048;11657.5;82.7072;6772.73;;
5236.4458;11628.0;84.1415;;;
5296.4961;11610.6;85.0712;6857.64;;
5356.5161;11596.7;86.3137;6817.49;;
5416.6938;11581.3;;;;
5476.7139;11575.6;90.2958;;;
5536.7759;11571.0;85.7897;;;
5596.8149;11567.1;85.0098;;;
5656.7212;11562.9;87.2974;6966.2;;
5716.7612;11561.7;73.5764;6906.41;;
5776.8452;11549.1;;;;
5837.042;11545.7;;;;
5896.9619;11538.7;88.9765;;;
5956.9658;11529.3;;;;
6017.1968;11521.6;;;;
6077.2061;11515.5;;;;
6137.2319;11503.3;;;;
6197.2788;11477.6;;;;
6257.2578;11407.1;87.7477;11620.2;;
6317.4429;11233.6;85.4442;;;
6377.3779;10946.2;;;;
6437.501;11184.1;10987.8;93.7254;11668.5;
6497.5088;11031.1;11039.6;97.2686;;
6557.4741;11072.7;99.1766;11780.8;;
6617.542;11094.5;91.9445;;;
6677.6182;11103.6;92.0672;;;
6737.8032;11113.3;111.517;;;
6797.8398;11112.0;86.0675;;;
6857.8149;11121.5;92.1087;;;
6917.874;11116.2;90.0226;7120.76;;
6977.8789;11124.2;94.2404;7262.93;;
7037.9019;11125.3;88.421;7244.06;;
7097.9668;11129.7;;;;
7158.126;11132.2;271.297;;;
7218.2031;11143.6;104.361;7186.93;;
7278.209;11151.7;10321.9;;;
7338.2002;11143.5;10393.4;;;
7398.2432;11116.2;11131.9;10348.7;;
7458.3809;11050.3;11073.1;73.9244;;
7518.4321;10890.3;11455.6;89.2502;;
7578.332;10748.0;99.5928;;;
7638.5508;10677.5;104.389;;;
7698.4609;10727.3;10722.6;;;
7758.5562;10709.5;;;;
7818.6089;10648.3;110.88;;;
7878.5928;10657.7;103.084;;;
7938.7739;10659.1;;;;
7998.7988;10755.8;90.7079;9128.42;;
8058.7651;10669.5;92.6629;9102.61;;
8118.7759;10669.3;92.4895;9079.22;;
8179.0;10674.9;92.6453;9085.74;;
8238.8838;10693.3;;;;
8299.0439;10681.2;92.9381;;;
8359.0723;10693.0;89.833;;;
8419.0449;10685.0;;;;
8479.0801;10694.8;90.967;;;
8539.2637;10696.6;92.1787;9109.58;;
8599.332;10695.9;96.9018;;;
8659.3379;10697.8;106.914;;;
8719.3398;10701.1;102.313;;;
8779.333;10702.5;100.889;;;
8839.5371;10704.0;108.881;;;
8899.5693;10705.5;108.175;;;
8959.5449;10706.7;109.34;;;
9019.5469;10708.3;105.973;;;
9079.6553;10709.0;103.757;;;
9139.7461;10709.3;102.591;;;
9199.7539;10707.4;110.87;;;
9259.7803;10706.0;104.28;;;
9319.9561;10701.3;106.811;;;
9379.8428;10703.8;109.388;;;
9439.9629;10697.2;105.949;;;
9499.9951;10693.7;106.96;8512.08;;
9560.0186;10689.2;106.287;;;
9620.0078;10700.5;82.7239;;;
9680.1914;10696.2;;;;
9740.2422;10691.9;;;;
9800.2715;10672.6;107.345;;;
9860.2363;10670.1;107.302;;;
9920.2627;10678.7;;;;
9980.4932;10660.6;99.116;;;
10040.4951;10668.3;107.823;;;
10100.5166;10672.3;;;;
10160.5908;10667.6;100.449;;;
10220.7187;10673.6;102.336;;;
10280.7764;10677.1;103.228;;;
10340.8135;10667.5;118.668;;;
10400.876;10665.5;;;;
10460.8779;10688.8;109.72;;;
10520.8623;10680.1;112.217;;;
10580.9209;10685.7;112.331;;;
10640.9189;10672.8;;;;
10701.0957;10694.9;126.021;;;
10761.1611;10700.6;127.211;;;
10821.1797;10705.8;118.293;;;
10881.1602;10692.9;;;;
10941.1709;10734.5;115.862;;;
11001.3369;10704.7;;;;
11061.2988;10735.3;122.764;;;
11121.3477;10744.0;123.232;;;
11181.3838;10764.4;125.217;;;
11241.5771;10774.4;126.415;;;
11301.6064;10785.5;137.199;133.553;;
11361.6406;10782.5;9046.97;140.212;;
11421.7383;10807.0;;;;
11481.6709;10821.7;141.49;;;
11541.6816;10820.7;;;;
11601.8867;10834.3;;;;
11661.8848;10856.9;136.542;;;
11721.8887;10882.3;146.482;;;
11781.875;10885.4;136.138;;;
11842.0615;10897.4;137.679;;;
11902.0791;10929.9;8858.48;;;
11962.0801;10939.6;127.195;;;
12022.0693;10966.4;8884.17;;;
12082.2764;10984.3;73.4352;;;
12142.3291;10992.6;107.904;;;
12202.3027;11028.7;66.4614;;;
12262.2871;11047.8;67.4863;;;
12322.4551;11070.7;65.9709;;;
12382.501;11087.4;79.1912;;;
12442.4687;11113.9;66.6544;;;
12502.543;11134.8;68.7653;;;
12562.6143;11156.2;76.55;;;
12622.6816;11179.9;64.4643;;;
12682.6582;11206.4;74.2861;8874.47;;
12742.6982;11227.2;;;;
12802.79;11254.7;;;;
12862.916;11273.4;75.8669;8906.93;;
12922.9473;11297.1;76.9268;;;
12982.9482;11320.0;80.2029;;;
13042.9717;11344.3;;;;
13103.168;11363.0;82.7163;;;
13163.2246;11384.1;79.795;8889.26;;
13223.1787;11404.4;83.022;8950.98;;
13283.2178;11423.7;82.1751;189.743;;
13343.3096;11445.1;86.5078;;;
13403.498;11460.7;79.2272;200.181;;
13463.5361;11481.7;78.7645;;;
13523.5303;11494.0;80.0083;210.029;;
13583.6094;11512.7;81.6221;212.996;;
13643.5527;11526.5;81.7649;214.445;;
13703.6006;11535.4;80.3604;;;
13763.8008;11556.6;82.1609;225.72;;
13823.833;11552.7;80.0745;;;
13883.8701;11557.5;81.209;237.403;;
13943.9238;11531.3;80.9267;;;
14003.9834;11469.5;80.8886;;;
14063.9365;11325.5;83.7529;;;
14123.9844;11112.2;84.5982;243.971;;
14184.0723;10784.7;82.8038;;;
14244.0918;10371.1;84.1214;406.271;;
14304.0898;9939.8;81.3068;;;
14364.1143;9481.08;81.9942;239.014;;
14424.3457;9254.36;79.8771;240.422;;
14484.2129;9313.71;77.937;242.714;;
14544.377;9789.42;81.1317;242.902;;
14604.4238;10689.9;79.5102;239.709;;
14664.4277;11235.7;77.1178;241.974;412.732;
14724.4365;11434.7;85.0119;244.342;;
14784.4775;11554.7;78.9562;241.945;;
14844.5244;11616.4;76.1078;242.173;;
14904.752;11652.1;77.0541;;;
14964.6191;11683.0;76.5295;;;
15024.6748;11706.3;77.3822;229.386;;
15084.8662;11724.1;75.479;120.514;;
15144.9092;11741.7;75.2801;124.848;;
15204.9053;11754.3;75.8977;;;
15264.9385;11764.9;74.1505;;;
15325.0986;11776.0;73.9681;243.218;;
15384.9932;11788.3;75.2809;;;
15445.0664;11795.8;75.2122;237.54;;
15505.2539;11805.1;75.2776;248.929;;
15565.2969;11810.2;74.9167;241.572;;
15625.3174;11816.5;74.1567;;;
15685.3584;11816.5;72.9852;253.714;;
15745.3867;11820.7;74.5184;;;
15805.3613;11827.0;73.7036;357.87;;
15865.3662;11832.1;76.7365;252.037;;
15925.4121;11844.4;73.921;234.617;;
15985.6484;11851.7;74.1219;229.079;;
16045.7051;11855.5;73.6518;229.984;;
16105.7314;11852.7;72.1268;;;
16165.7422;11858.4;72.7119;;;
16225.7959;11863.3;73.9535;236.546;;
16285.8203;11869.3;74.3396;230.685;;
16345.8809;11863.8;71.6773;;;
16405.8848;11864.9;71.454;;;
16465.9199;11872.8;74.4006;233.069;;
16525.9336;11881.7;74.3682;235.34;;
16586.1133;11876.4;76.5356;199.815;430.041;
16646.1621;11873.6;202.494;;;
16706.1758;11874.7;200.727;;;
16766.1816;11873.7;75.4879;202.025;;
16826.1875;11889.0;73.9817;239.662;;
16886.2598;11895.5;73.6061;235.204;;
16946.3398;11892.7;75.7454;;;
17006.3477;75.1221;11893.5;76.9936;;
17066.5527;74.2903;11906.7;234.383;;
17126.5566;73.7202;11902.0;234.855;5967.87;
17186.5078;75.4312;232.256;11914.6;6008.84;
17246.6895;73.6203;230.789;11901.2;;
17306.7324;73.7983;227.914;11907.3;;
17366.7148;75.4894;229.529;11959.1;744.55;
17426.8437;74.5501;228.162;11910.2;746.318;
17486.8867;74.7411;225.388;11828.7;796.333;
17546.8594;74.7043;227.694;6056.26;;
17606.8965;76.1986;228.458;12044.2;;
17667.0156;82.0084;76.6657;11993.7;749.083;
17727.0527;83.3643;11897.6;6022.01;;
17787.0645;173.334;76.6292;11780.2;;
17847.0391;81.9917;11720.1;826.985;;
17907.0762;82.4113;73.1459;11702.5;6035.56;
17967.1875;225.767;74.3774;11674.7;6198.32;
18027.248;224.979;74.878;11672.7;6126.2;
18087.2402;226.174;76.3392;11656.4;6180.34;
18147.4199;226.405;76.08;11669.2;6055.79;
18207.4473;77.8867;168.786;223.288;;
18267.4121;189.085;84.3841;11673.7;6122.55;
18327.6074;76.7124;178.339;166.32;311.198;
18387.6074;221.126;75.3805;;;
18447.6328;225.184;73.9222;11706.3;6159.92;
18507.6875;71.7245;160.981;122.165;;
18567.6484;169.356;184.856;121.515;;
18627.7754;71.9909;179.412;181.619;123.217;
18687.7207;73.8204;162.44;214.343;311.855;
18747.8848;76.8018;186.308;710.044;;
18807.8887;71.1655;167.36;308.103;;
18868.0352;72.5871;180.664;249.154;;
18928.0527;78.7522;173.133;329.362;;
18987.9922;71.777;160.516;290.165;;
19048.0078;71.1559;177.032;168.941;308.396;
19108.1797;73.3737;900.962;11771.8;;
19168.1641;190.261;169.207;83.0654;;
19228.1914;171.705;76.8116;906.6;11794.2;
19288.3828;221.179;74.2817;907.793;6111.61;
19348.377;173.637;74.9162;835.051;181.038;
19408.4004;162.492;92.2522;889.597;170.627;
19468.5527;176.68;76.7783;1378.49;912.283;
19528.5762;72.8185;739.569;216.682;;
19588.5762;176.961;76.9808;1426.62;11749.1;
19648.5684;157.511;89.6801;217.948;243.122;
19708.5645;175.723;74.6626;912.021;11757.1;
19768.7246;77.5342;11754.6;;;
19828.793;176.184;77.7771;11769.5;744.329;
19888.7871;175.701;79.6444;11776.1;;
19948.9512;175.917;78.1031;11767.7;6023.65;
20008.9648;173.995;79.9185;11796.9;1364.26;
20068.9609;153.148;109.113;734.224;;
20128.9355;80.122;182.25;92.9695;849.678;
20189.1426;83.7014;134.627;841.427;;
20249.1406;90.539;158.749;754.286;;
20309.1074;83.9699;171.524;1333.69;745.078;
20369.1172;145.062;103.312;176.85;101.501;
20429.2832;134.295;166.185;140.542;;
20489.293;103.568;152.857;80.771;;
20549.2812;168.688;79.122;178.084;;
20609.5039;96.28;1336.52;;;
20669.4727;162.286;1338.49;;;
20729.4297;135.908;172.34;1346.35;;
20789.6289;172.596;1345.13;287.828;;
20849.6133;86.5764;12112.6;1280.39;;
20909.5918;90.2367;157.243;1330.13;;
20969.7754;90.2155;12121.1;391.042;;
21029.7539;177.545;1331.94;;;
21089.7852;92.3659;169.95;12136.2;;
21149.9434;93.9425;144.817;115.785;;
21209.9687;273.072;920.012;;;
21270.0039;93.969;12154.3;397.529;;
21330.0918;93.3647;12158.1;764.141;;
21390.1367;96.0628;12165.1;403.447;;
21450.1289;96.7755;12171.7;399.07;;
21510.0801;97.3069;12187.4;581.287;;
21570.2793;97.2751;12185.2;417.864;909.832;
21630.2656;12186.9;98.6924;399.782;;
21690.2676;96.7362;12198.4;415.837;1361.95;
21750.4551;12198.1;100.333;403.76;;
21810.3477;12202.2;100.509;414.306;;
21870.4395;12209.1;99.6448;421.049;;
21930.4727;12214.8;101.836;423.195;786.011;
21990.5039;12214.4;99.2103;431.056;696.742;
22050.707;12223.8;106.003;1287.02;416.788;
22110.7168;12232.0;107.091;669.871;;
22170.7324;12234.0;106.39;;;
22230.8926;12236.2;106.726;1328.58;;
22290.916;12242.4;107.715;461.686;;
22350.9121;12244.3;108.453;;;
22410.8809;12245.6;107.739;825.288;;
22471.0605;12247.1;108.02;;;
22531.0723;12249.0;107.794;;;
22591.0703;12250.6;109.44;504.759;;
22651.2285;12253.2;109.134;498.356;;
22711.2832;12253.7;108.942;;;
22771.293;12255.0;111.496;471.537;;
22831.3242;12254.5;108.751;;;
22891.3477;12257.3;110.635;;;
22951.3594;12258.3;110.564;477.228;;
23011.5234;12258.2;106.794;455.377;;
23071.543;12258.3;106.887;457.497;;
23131.5488;12257.7;102.483;;;
23191.5352;12259.7;101.746;;;
23251.7324;12261.5;101.385;;;
23311.7441;12262.6;100.54;;;
23371.752;12265.5;100.596;;;
23431.7168;12266.4;99.2617;271.47;;
23491.916;12268.6;98.6429;;;
23551.9687;12272.0;100.069;;;
23611.9238;12272.4;98.2407;;;
23671.957;12273.8;97.0831;102.328;;
23732.1504;12273.3;96.243;;;
23792.1387;12275.3;98.4113;;;
23852.1875;12277.2;94.7876;;;
23912.2285;12278.8;94.0976;;;
23972.1641;12276.0;94.5202;;;
24032.3672;12272.6;94.4477;;;
24092.3965;12274.8;95.6958;;;
24152.3652;12276.6;93.0942;;;
24212.4121;12276.3;92.8964;;;
24272.4199;12275.7;93.7402;;;
24332.5625;12276.7;91.9198;;;
24392.5723;12276.8;90.9593;;;
24452.5937;12279.9;88.7891;;;
24512.793;12279.4;87.6077;;;
24572.6641;12279.4;84.5272;;;
24632.832;12281.7;79.104;;;
24692.8672;12283.7;77.7012;;;
24752.8437;12282.8;74.2721;;;
24812.8711;12284.3;72.8567;;;
24873.0137;12287.0;73.6151;;;
24933.0527;12287.4;73.3242;257.97;;
24993.0762;12287.9;72.8268;;;
25053.084;12289.2;72.5906;179.036;;
25113.2637;12289.8;72.098;179.036;;
25173.2441;12291.6;71.5037;;;
25233.2363;12292.1;70.9792;;;
25293.4316;12291.6;70.0491;;;
25353.4434;12291.5;68.2855;242.59;;
25413.4395;12293.1;68.8698;241.783;;
25473.4609;12294.8;68.1771;;;
25533.5937;12296.6;64.129;251.539;;
25593.6191;12297.5;66.4487;249.455;;
25653.6016;12297.8;68.8702;;;
25713.7656;12297.4;69.6803;;;
25773.7754;12298.6;70.3079;;;
25833.752;12300.9;69.9608;;;
25893.7676;12302.6;69.2304;;;
25953.9609;12304.0;69.4944;;;
26013.9805;12310.6;69.4783;;;
26073.9512;12312.5;68.7977;;;
26134.1504;12313.2;68.3689;;;
26194.1953;12312.4;69.1801;;;
26254.0684;12309.9;69.4276;440.827;;
26314.252;12311.8;69.1309;;;
26374.25;12311.9;69.4459;;;
26434.2285;12313.6;66.552;;;
26494.2676;12316.8;66.8711;;;
26554.4707;12322.6;67.9279;;;
26614.4805;12340.5;;;;
26674.4883;12170.4;70.656;;;
26734.4609;11788.1;;;;
26794.666;11374.4;;;;
26854.6758;11000.3;68.2612;;;
26914.6758;10657.2;67.3231;8958.5;;
26974.8242;10522.3;8978.5;;;
27034.8613;10442.2;8969.98;;;
27094.8887;10386.6;68.9137;;;
27154.8965;10346.4;68.8196;8912.43;;
27214.9141;10314.4;67.8887;;;
27275.0625;10280.9;69.8024;;;
27335.0488;10265.4;70.0833;;;
27395.0703;10247.6;70.1649;9513.91;;
27455.0996;10233.7;66.4317;;;
27515.3047;10238.0;;;;
27575.3086;10223.6;70.063;8784.27;;
27635.2969;10218.4;70.9227;;;
27695.3164;10214.9;70.7496;;;
27755.5039;10207.9;70.6688;;;
27815.5469;10203.6;66.0504;8781.54;;
27875.498;10202.8;70.2372;;;
27935.6875;10204.6;70.3827;;;
27995.7363;10200.2;70.9885;8604.23;;
28055.6152;10190.9;71.9165;66.2227;;
28115.8437;10193.9;70.5905;;;
28175.8457;10188.0;70.6347;;;
28235.8496;10184.2;70.6341;61.3355;;
28295.832;10178.8;70.663;;;
28356.0449;10175.0;71.6443;;;
28416.0293;10170.6;;;;
28476.0234;10162.7;;;;
28536.0254;10154.6;;;;
28596.2246;10150.3;;;;
28656.1289;10145.9;;;;
28716.2871;10139.2;;;;
28776.2637;10137.3;70.7918;;;
28836.2656;10128.0;;;;
28896.4629;10120.4;105.569;;;
28956.5078;10116.1;;;;
29016.4707;10111.8;;;;
29076.4844;10107.5;104.1;;;
29136.6191;10109.6;71.7053;61.9702;;
29196.666;10102.9;66.7262;;;
29256.666;10089.7;;;;
29316.8555;10085.7;;;;
29376.8965;10080.2;;;;
29436.8633;10075.9;;;;
29496.8672;10071.5;;;;
29556.9082;10065.3;;;;
29617.0391;10060.3;69.2152;;;
29677.0605;10058.9;;;;
29737.0625;10053.5;;;;
29797.1289;10055.8;;;;
29857.1309;10051.3;;;;
29917.3359;10042.1;;;;
29977.2363;10050.3;;;;
30037.4219;10052.6;7557.04;;;
30097.3965;10050.7;;;;
30157.3848;10046.6;;;;
30217.5605;10048.0;9035.32;;;
30277.582;10046.1;;;;
30337.5645;10050.4;;;;
30397.7461;10046.2;9053.29;;;
30457.752;10046.7;;;;
30517.7246;10046.6;;;;
30577.8945;10053.3;;;;
30637.9492;10069.6;10065.7;9064.83;;
30697.9453;10076.8;;;;
30757.9219;10132.2;69.336;;;
30818.084;10178.7;69.3692;10554.0;;
30878.1289;10251.6;69.4943;10447.8;;
30938.0879;10319.7;10433.4;;;
30998.2441;10385.7;10387.7;69.2709;9043.92;
31058.2324;10427.0;70.7027;9907.55;9025.29;
31118.207;10447.7;72.5066;9628.67;;
31178.2207;10446.6;72.2471;9684.09;;
31238.3887;10439.4;72.4984;254.219;;
31298.3965;10423.7;71.9101;7277.68;;
31358.4023;10416.3;73.4279;;;
31418.5684;10413.3;73.1351;;;
31478.5879;10406.4;73.0927;;;
31538.5508;10404.0;73.5441;;;
31598.7422;10404.6;74.0934;;;
31658.7793;10399.1;74.2075;;;
31718.7871;10397.5;75.0181;;;
31778.7793;10393.7;75.2713;;;
31838.793;10394.3;82.0913;7234.33;;
31898.957;10390.4;79.1669;;;
31958.9648;10386.1;75.0543;;;
32018.9961;10380.8;75.9262;;;
32078.9961;10383.0;68.9975;;;
32139.1367;10373.9;71.8054;;;
32199.1875;10367.3;76.7021;256.883;;
32259.168;10357.3;76.3615;;;
32319.3535;10347.7;75.848;;;
32379.3848;10351.5;72.8364;;;
32439.3203;10347.9;;;;
32499.4863;10337.8;79.7966;10955.1;;
32559.543;10332.1;82.804;11019.9;;
32619.4941;10325.3;84.7215;;;
32679.498;10335.5;77.8363;10991.3;;
32739.6406;10574.5;83.6468;11060.3;;
32859.7109;10584.9;10439.5;120.433;;
32919.7109;10612.9;10362.1;80.4544;9502.78;
32979.8242;10374.2;10102.0;80.3691;9218.82;
33039.8437;10461.1;10053.3;;;
33100.0039;10497.4;82.3197;;;
33160.0391;10572.2;83.4886;10906.6;;
33220.0;10611.2;82.4441;10886.7;;
33280.0078;10646.1;81.745;10721.0;;
33340.1719;10642.8;10752.4;75.7395;;
33400.1875;10664.2;10800.1;74.8233;;
33460.2031;10672.9;78.3594;286.984;;
33520.2109;10673.1;74.3823;288.028;;
33580.3555;10683.0;75.3044;5699.81;;
33640.3984;10676.4;76.0123;286.026;5662.04;
33700.3828;10683.1;74.0876;289.86;6367.17;
33760.3867;10659.5;;;;
33820.5273;10677.7;74.4276;9013.29;;
33880.5273;10681.7;;;;
33940.543;10685.4;80.2613;;;
34000.7539;10696.7;;;;
34060.7852;10694.7;79.4077;;;
34120.7148;10695.7;85.7959;6269.3;;
34180.8789;10681.4;6216.21;;;
34240.8945;10673.5;;;;
34300.875;10673.0;;;;
34360.8555;10679.3;83.0917;;;
34421.0273;10683.1;80.4165;;;
34481.0352;10678.3;80.0326;;;
34541.043;10676.5;80.3392;;;
34601.2344;10673.0;;;;
34661.2578;10661.6;;;;
34721.2734;10667.6;;;;
34781.2812;10656.2;;;;
34841.2734;10661.7;83.2483;;;
34901.4844;10661.4;;;;
34961.5039;10655.4;;;;
35021.4844;10648.1;6251.95;;;
35081.457;10656.2;83.7262;;;
35141.6602;10651.7;;;;
35201.6641;10640.9;;;;
35261.6641;10645.9;85.8523;;;
35321.6836;10637.4;;;;
35381.8477;10630.9;80.7214;;;
35441.8555;10626.0;;;;
35501.8437;10625.9;84.2407;;;
35561.8594;10622.4;;;;
35622.0508;10619.3;84.9994;;;
35682.0469;10616.8;80.1644;;;
35742.2031;10611.5;86.2371;278.622;;
35802.2461;10609.7;86.4032;277.279;;
35862.2422;10596.3;;;;
35922.2383;10591.5;80.4959;284.399;;
35982.3906;10588.2;;;;
36042.3516;10651.8;85.9166;281.793;;
36102.4141;10584.6;;;;
36162.3906;10585.6;6120.78;;;
36222.5664;10579.9;;;;
36282.5664;10568.3;6149.29;;;
36342.6562;10585.9;;;;
36402.7422;10583.9;;;;
36462.7695;10598.7;6097.2;;;
36522.7656;10598.2;6058.25;;;
36582.7344;10739.3;80.3431;8890.17;;
36642.9375;10618.2;6095.65;;;
36702.9805;10764.1;10770.1;;;
36762.957;10762.2;80.4038;;;
36822.9102;10641.9;;;;
36883.0937;10772.2;86.1928;;;
36943.1523;10782.2;81.8322;;;
37003.1758;10791.1;83.6336;9415.09;;
37063.1602;10728.4;81.9441;;;
37123.3477;10744.9;89.2941;;;
37183.3828;10739.1;;;;
37243.3828;10740.5;;;;
37303.5;10754.4;;;;
37363.5195;10759.4;6034.0;;;
37423.4961;10780.6;88.4816;;;
37483.457;10777.7;88.2123;;;
37543.6367;10770.9;;;;
37603.6523;10786.7;79.8057;;;
37663.6211;10792.5;79.5602;;;
37723.8164;10798.2;88.8573;;;
37783.8359;10809.9;87.9167;;;
37843.8047;10807.8;;;;
37904.0039;10820.0;82.9116;;;
37964.0312;10815.7;82.868;5980.44;;
38024.0156;10824.8;86.6876;;;
38083.9805;10820.0;82.803;;;
38144.1758;10824.5;79.998;1757.72;;
38204.1875;10825.7;82.8652;;;
38264.1914;10823.8;83.2964;;;
38324.1797;10825.4;82.8977;;;
38384.3555;10826.7;82.7773;;;
38444.3906;10823.6;83.7676;;;
38504.3633;10825.1;83.9191;;;
38564.3555;10823.2;83.179;;;
38624.5312;10821.8;83.6075;;;
38684.5508;10817.3;83.2163;1760.02;;
38744.5195;10816.2;82.7445;;;
38804.707;10832.0;88.881;;;
38864.7812;10811.5;83.5216;;;
38924.7617;10824.9;89.822;;;
38984.7305;10814.5;1748.33;;;
39044.9023;10819.3;85.3957;1737.32;;
39104.9102;10816.0;86.884;;;
39164.9336;10807.8;;;;
39224.9141;10806.3;;;;
39285.0977;10808.5;;;;
39345.1367;10803.3;;;;
39405.125;10807.3;86.177;;;
39465.1523;10802.0;;;;
39525.3047;10811.5;;;;
39585.3203;10817.1;;;;
39645.3242;10799.6;85.4019;;;
39705.3359;10802.7;89.6077;1741.63;;
39765.5078;10809.0;90.3277;;;
39825.5508;10803.5;89.6367;;;
39885.5195;10806.7;77.9562;;;
39945.6875;10810.6;78.4048;1690.2;;
40005.7109;10843.1;81.1016;;;
40065.7109;10817.1;89.9225;;;
40125.6875;10819.1;89.0098;;;
40185.875;10857.1;76.958;;;
40245.9297;10870.1;88.2324;;;
40305.8711;10821.6;89.5791;;;
40365.8633;10847.6;121.41;1702.68;;
40426.0352;10859.9;10938.7;92.3909;;
40486.0781;10861.6;81.391;;;
40546.0273;10877.6;;;;
40606.2383;10875.4;92.2841;;;
40666.2422;10810.0;;;;
40726.2344;10881.3;92.1103;;;
40786.3828;10870.0;;;;
40846.4258;10880.7;99.793;;;
40906.4258;10881.0;80.5347;;;
40966.4219;10877.8;80.7678;;;
41026.5859;10879.5;82.1807;;;
41086.625;10884.8;10885.8;82.6395;;
41146.6406;10867.5;97.9267;;;
41206.5937;10858.9;81.384;;;
41266.7617;10865.1;81.4384;;;
41326.7773;10872.5;99.3917;;;
41386.7578;10869.8;97.7516;;;
41446.7734;10864.0;81.3357;;;
41506.9766;10880.7;76.4772;;;
41566.9805;10868.4;82.1719;;;
41627.0;10875.2;81.7991;;;
41687.1523;10882.8;76.8045;;;
41747.1562;10883.7;76.485;1668.71;;
41807.1289;10884.5;76.2878;;;
41867.3008;10886.6;76.1801;;;
41927.332;10887.8;76.5746;1684.47;;
41987.2734;10887.4;76.197;1662.91;;
42047.2695;10889.1;76.4519;;;
42107.457;10891.1;76.1598;;;
42167.5195;10896.7;76.799;1680.43;;
42227.4844;10897.1;75.7401;1669.16;;
42287.4648;10898.7;76.3078;;;
42347.6172;10896.7;76.1612;1674.27;;
42407.6719;10897.5;76.4659;1644.47;;
42467.6602;10897.0;75.1984;1667.51;;
42527.6641;10896.5;78.714;1662.7;;
42587.8711;10906.5;76.7059;5054.87;;
42647.8477;10906.2;78.9998;;;
42707.8477;10901.6;78.7263;;;
42768.0508;10907.7;79.6811;;;
42828.043;10911.6;80.0284;;;
42888.0469;10907.0;79.4708;;;
42948.0117;10911.1;76.1844;;;
43008.1875;10911.2;77.6638;;;
43068.1992;10909.2;77.0158;;;
43128.1992;10915.6;74.0347;;;
43188.3711;10923.5;61.8941;;;
43248.4492;10920.2;98.5683;;;
43308.4648;10914.2;97.6761;;;
43368.4336;10914.9;97.2105;;;
43428.4336;10911.9;98.3056;;;
43488.6406;10910.9;98.0705;;;
43548.6133;10914.7;63.2607;1659.89;;
43608.625;10912.1;73.3576;;;
43668.6484;10914.1;77.1554;;;
43728.8477;10911.1;76.5363;;;
43788.8789;10911.2;76.4492;;;
43848.8555;10915.3;74.7592;;;
43908.8789;10912.8;75.3725;;;
43968.9102;10906.2;75.2524;;;
44029.0781;10905.2;76.1087;;;
44089.0937;10902.8;75.6777;;;
44149.0937;10910.0;74.7442;;;
44209.0898;10905.2;99.57;;;
44269.2695;10901.6;97.5729;;;
44329.2969;10932.1;70.5754;;;
44389.2656;10904.7;68.9664;;;
44449.2734;10899.5;96.1579;;;
44509.4883;10917.1;10915.9;73.4196;;
44569.4922;10919.2;74.3227;;;
44629.4844;10919.2;70.7133;10934.8;;
44689.4727;10925.4;75.206;;;
44749.668;10917.9;97.3554;1630.32;;
44809.7148;10921.3;76.7366;;;
44869.668;10947.9;94.2367;1619.78;;
44929.6836;10943.2;73.896;;;
44989.8516;10936.5;75.2385;;;
45049.832;10908.5;80.8428;;;
45109.8789;10916.7;10956.6;80.1071;;
45169.8945;10933.9;77.6477;;;
45230.043;10920.8;79.0965;;;
45290.0625;10929.7;78.3629;;;
45350.0625;10937.7;78.6521;;;
45410.1562;10908.3;10956.4;77.7315;;
45470.1445;10913.0;10946.8;76.4928;;
45530.207;10915.7;105.871;;;
45590.207;10917.9;10960.8;86.4545;;
45650.4375;10919.3;10958.4;;;
45710.4414;10926.2;76.3489;;;
45770.4492;10924.3;88.3009;;;
45830.4219;10920.9;75.641;;;
45890.5859;10953.6;75.9785;;;
45950.6172;10960.4;76.3048;;;
46010.6406;10930.7;86.4282;;;
46070.6172;10929.8;86.6013;;;
46130.8242;10930.7;88.0381;;;
46190.8828;10930.0;87.9165;;;
46250.9219;10931.3;108.332;;;
46310.9258;10932.4;89.6857;;;
46370.8945;10953.4;75.7814;;;
46431.0781;10955.2;76.0718;;;
46491.0625;10959.0;76.3313;;;
46551.0352;10950.9;89.6345;;;
46611.0703;10964.1;75.2282;;;
46671.3047;10964.0;76.1234;;;
46731.2812;10941.0;91.6052;;;
46791.2734;10963.6;76.4792;;;
46851.2773;10965.9;76.8122;;;
46911.4922;10961.0;76.1765;;;
46971.5273;10940.6;76.9262;;;
47031.4766;10955.3;76.4224;;;
47091.457;10958.3;76.7545;;;
47151.6289;10955.0;77.2103;;;
47211.6602;10961.1;76.5781;;;
47271.6406;10963.8;76.1499;;;
47331.6562;10954.4;62.6768;;;
47391.8164;10969.2;69.5532;;;
47451.8242;10967.0;64.042;;;
47511.8164;10964.4;10980.4;75.8204;;
47571.9883;10961.6;63.7136;;;
47632.0664;10955.8;63.7404;;;
47692.0625;10958.7;62.7558;;;
47752.0664;10960.3;67.8181;;;
47812.0586;10955.6;62.6838;;;
47872.2461;10953.6;62.801;;;
47932.2852;10956.4;63.6025;;;
47992.2461;10965.4;67.7936;;;
48052.4414;10973.6;64.256;;;
48112.4609;10976.4;64.6017;;;
48172.4648;10994.7;68.105;;;
48232.4258;10996.2;64.1074;;;
48292.6367;10996.2;68.8068;;;
48352.6562;10998.1;75.9881;;;
48412.6406;11001.7;64.3538;;;
48472.6406;10954.4;64.3269;;;
48532.6953;10951.8;76.1605;;;
48592.9258;10946.0;76.342;;;
48652.8867;11007.3;76.8942;;;
48712.9492;10948.5;76.7445;;;
48773.0977;10951.1;76.588;;;
48833.125;10948.1;75.8919;;;
48893.0898;10949.6;68.5689;;;
48953.1133;10952.3;76.6396;;;
49013.2656;10954.9;76.2944;;;
49073.2734;10954.6;75.7778;;;
49133.2734;10959.5;75.9785;1565.33;;
49193.4453;10954.7;76.1918;;;
49253.4492;10957.3;64.9795;;;
49313.4414;10957.1;77.3874;;;
49373.4609;10957.6;76.896;;;
49433.6367;10961.4;64.086;;;
49493.625;10971.7;64.0621;;;
49553.6367;10956.4;77.5407;;;
49613.6172;10959.2;70.6024;;;
49673.8086;10954.3;69.8999;1556.52;;
49733.8086;10961.3;68.8551;;;
49793.793;10996.8;64.5787;1556.52;;
49853.8281;10986.5;57.5844;;;
49913.9805;10985.4;65.0016;;;
49973.9453;10981.8;64.6427;;;
50034.1562;10984.7;64.6684;;;
50094.1641;10983.0;65.8456;;;
50154.1289;10986.7;58.4145;;;
50214.3008;10976.6;65.2362;;;
50274.3281;10977.4;66.0121;;;
50334.3398;10979.0;65.4154;;;
50394.3516;10978.0;58.8932;;;
50454.3242;10985.2;63.6109;;;
50514.3672;10980.9;63.5494;;;
50574.5352;10978.0;63.4965;;;
50634.5273;10972.6;65.4116;;;
50694.5352;10979.3;65.8573;;;
50754.7227;10977.9;65.3819;;;
50814.7227;10981.1;65.4858;;;
50874.7227;10982.0;66.2932;;;
50934.7422;10979.9;66.1849;;;
50994.9414;10980.7;66.49;;;
51054.9375;10979.7;57.18;;;
51114.9453;10979.6;78.1505;2231.7;;
51174.9648;10973.1;67.0373;;;
51235.1211;10976.9;66.3339;;;
51295.1211;10974.5;66.1798;;;
51355.1133;10974.4;77.0274;;;
51415.1719;10976.5;77.8961;;;
51475.3437;10976.7;66.7504;;;
51535.3594;10975.8;78.0078;;;
51595.4062;10975.4;63.7013;;;
51655.3398;10975.0;65.7601;;;
51715.3672;10966.2;66.7456;;;
51775.5586;10963.3;66.1612;;;
51835.5586;10971.6;65.3951;;;
51895.6797;10970.3;77.6028;;;
51955.7305;10972.6;66.6101;;;
52015.7266;10969.8;77.9424;;;
52075.7187;10969.8;65.9861;;;
52135.7187;10977.4;66.5601;;;
52195.8281;10960.8;99.054;;;
52255.9297;10962.4;99.483;;;
52315.9023;10970.4;65.7276;;;
52376.0547;10972.4;78.896;;;
52435.9883;10971.4;78.7646;;;
52496.1641;10975.9;77.5649;;;
52556.2461;10957.7;97.809;;;
52616.2266;10955.6;100.043;;;
52676.2656;10949.8;;;;
52736.2695;10955.9;100.37;;;
52796.4414;10969.0;77.979;;;
52856.3242;10954.3;;;;
52916.5078;10950.3;99.0167;;;
52976.4805;10951.8;;;;
53036.4609;10958.1;;;;
53096.6055;10959.1;109.554;;;
53156.625;10962.4;78.9759;;;
53216.7773;10958.6;;;;
53276.8164;10959.2;77.9825;;;
53336.7773;10949.6;;;;
53396.793;10952.3;101.056;;;
53456.9609;10955.7;;;;
53516.9141;10944.4;;;;
53577.0469;10951.8;;;;
53636.9922;10950.7;99.6796;;;
53697.0977;10949.0;;;;
53757.1406;10946.4;2236.62;;;
53817.125;10938.6;2221.28;;;
53877.3164;10949.7;77.6414;2238.77;;
53937.3359;10951.3;;;;
53997.3398;10947.9;99.9029;;;
54057.5039;10942.7;;;;
54117.5234;10952.0;;;;
54177.5117;10954.9;;;;
54237.4727;10966.9;64.0958;10952.3;;
54297.6758;10966.0;63.3602;;;
54357.7539;10952.4;63.8825;;;
54417.6992;10965.3;58.8028;;;
54477.7187;10967.8;65.0299;;;
54537.8633;10965.5;64.4027;;;
54597.9102;10970.2;62.8687;;;
54657.8945;10969.9;60.5752;10954.4;;
54717.8828;10969.4;55.5304;;;
54778.0898;10972.5;65.2013;;;
54838.0547;10968.6;64.1604;;;
54898.0859;10952.1;77.5976;;;
54958.2422;10942.4;65.5661;;;
55018.2148;10947.1;65.6282;;;
55078.1641;10944.6;65.8696;;;
55138.3398;10946.1;64.2423;;;
55198.3594;10943.7;10944.9;;;
55258.375;10970.5;77.0305;;;
55318.3828;10944.9;65.1885;;;
55378.5352;10967.7;78.2843;;;
55438.5664;10974.3;64.4628;;;
55498.6016;10947.4;78.3226;;;
55558.5781;10946.5;65.298;;;
55618.7617;10973.9;78.1217;;;
55678.793;10968.9;65.1929;;;
55738.7695;10957.0;80.7523;;;
55798.9531;10954.6;8417.71;;;
55858.8164;10962.6;98.5229;;;
55918.9531;10967.9;80.2471;1528.55;;
55978.9922;10960.6;79.603;;;
56038.9766;10929.3;;;;
56099.0625;10926.8;96.7369;;;
56159.207;10939.9;97.0833;9098.58;;
56219.2187;10960.6;80.4511;;;
56279.2266;10961.0;81.4746;;;
56339.207;10958.2;80.8748;;;
56399.3984;10956.1;82.4089;;;
56459.4492;10959.1;98.2837;;;
56519.457;10954.8;82.2708;;;
56579.5781;10965.0;104.528;;;
56639.5625;10976.4;77.3603;;;
56699.5586;10960.5;76.6647;;;
56759.7422;10974.5;64.6339;;;
56819.7617;10950.6;78.403;;;
56879.8125;10947.0;97.742;;;
56939.7773;10953.6;80.4123;;;
56999.8242;10929.2;94.0768;;;
57059.8359;10947.8;;;;
57120.043;10949.0;81.8074;;;
57180.0898;10940.7;77.0061;;;
57240.0937;10943.3;63.7664;;;
57300.0469;10961.2;77.6568;;;
57360.2266;10949.2;80.9809;;;
57420.2773;10927.9;;;;
57480.1562;10983.9;62.8371;;;
57540.3516;10928.1;10930.2;;;
57600.3164;10934.6;10936.8;;;
57660.5039;10943.1;;;;
57720.3594;10944.0;98.9974;;;
57780.5117;10930.6;;;;
57840.4687;10944.2;76.2752;;;
57900.6875;10946.1;;;;
57960.5586;10949.3;76.4902;;;
58020.707;10924.8;;;;
58080.7422;10948.4;;;;
58140.7773;10947.1;78.716;;;
58200.9531;10928.7;95.6583;;;
58260.8828;10948.5;76.3609;;;
58320.9453;10950.3;95.7178;;;
58381.1055;10982.7;64.2085;;;
58441.1211;10939.6;62.1945;;;
58501.0703;10941.2;97.9647;;;
58561.0781;10942.5;64.3891;;;
58621.2852;10940.5;77.4749;;;
58681.3008;10940.8;77.7055;;;
58741.2812;10933.2;;;;
58801.3633;10933.5;;;;
58861.4766;10947.3;10935.2;;;
58921.4648;10948.5;10936.1;;;
58981.5352;10939.3;;;;
59041.5937;10948.3;;;;
59101.5625;10948.0;10936.8;78.9828;;
59161.6289;10955.5;;;;
59221.7031;10954.8;1541.21;10944.3;;
59281.7695;10956.6;10946.1;78.5167;;
59341.8711;10941.7;;;;
59401.9922;10958.1;74.5758;;;
59461.9727;10955.1;77.8332;;;
59522.0625;10946.5;76.2968;;;
59581.9883;10945.6;93.9918;;;
59642.0781;10961.6;97.8715;;;
59702.2305;10946.0;99.3423;;;
59762.1602;10962.4;10951.2;73.502;;
59822.168;10937.4;;;;
59882.3516;10946.9;75.363;1526.48;;
59942.3477;10951.7;64.0249;;;
60002.3398;10952.7;63.8091;;;
60062.5391;10953.5;63.567;;;
60122.5273;10956.8;63.7478;;;
60182.4961;10951.5;63.3196;;;
60242.6836;10952.6;63.0402;;;
60302.7227;10957.3;63.259;;;
60362.707;10957.7;62.4895;;;
60422.7305;10971.5;63.0435;;;
60482.8945;10951.1;79.8189;;;
60542.9219;10952.2;97.9809;;;
60602.9531;10954.5;97.5259;10955.9;;
60662.9766;10954.1;98.2584;;;
60722.9258;10964.0;63.0106;;;
60783.0039;10951.8;74.0582;;;
60843.0898;10968.1;74.175;10966.4;2236.33;
60903.1211;10968.7;;;;
60963.2695;10965.9;77.3118;;;
61023.3516;10962.7;76.3147;10949.0;2254.4;
61083.3477;10959.7;74.6275;;;
61143.2852;10948.4;80.6725;2236.11;;
61203.457;10957.9;76.4898;;;
61263.4805;10945.8;;;;
61323.4531;10963.1;74.9884;;;
61383.6445;10959.0;77.6618;;;
61443.6367;10957.6;;;;
61503.6406;10973.2;61.54;;;
61563.6406;10958.6;95.3033;1531.0;;
61623.8594;10946.7;95.6938;;;
61683.8672;10960.5;75.376;;;
61743.8437;10961.7;73.8358;;;
61803.8633;10944.5;74.8226;;;
61863.8555;10953.5;;;;
61924.0312;10961.1;;;;
61984.0742;10943.4;95.9159;;;
62044.0234;10946.5;2233.93;;;
62104.2187;10959.7;10947.9;;;
62164.2461;10955.1;;;;
62224.1992;10955.5;80.9486;;;
62284.207;10930.7;10932.5;;;
62344.3906;10936.0;;;;
62404.4336;10936.3;;;;
62464.4297;10929.2;;;;
62524.4062;10956.7;;;;
62584.5898;10942.6;;;;
62644.5859;10938.1;;;;
62704.5898;10959.2;79.59;;;
62764.7773;10964.1;95.0782;;;
62824.7969;10959.9;;;;
62884.8789;10958.2;78.3386;;;
62944.8359;10962.9;93.5667;;;
63004.9102;10955.1;;;;
63064.9219;10954.0;75.1904;10955.4;;
63124.9609;10958.9;94.9825;;;
63185.0703;10963.6;75.9953;;;
63245.1016;10965.7;;;;
63305.1328;10945.7;2228.89;;;
63365.2969;10954.0;71.4419;;;
63425.3398;10953.3;79.1254;;;
63485.3398;10950.3;94.7517;;;
63545.2969;10962.0;62.5875;;;
63605.3398;10962.8;58.0696;;;
63665.5039;10963.0;2210.52;;;
63725.5508;10950.0;10951.2;10952.3;;
63785.5234;10958.5;2208.18;;;
63845.6875;10956.8;;;;
63905.6836;10956.3;61.4421;;;
63965.6992;10959.6;82.8635;;;
64025.7148;10949.0;;;;
64085.8906;10961.5;;;;
64145.9219;10954.9;;;;
64205.8984;10949.4;74.0459;;;
64266.0391;10952.2;96.7442;2216.28;10953.7;
64326.0547;10953.2;70.096;2213.69;;
64386.0273;10960.5;;;;
64446.2031;10960.8;62.1709;;;
64506.1992;10955.1;76.2725;;;
64566.1914;10955.6;77.4368;;;
64626.2031;10953.7;97.476;;;
64686.2266;10954.3;;;;
64746.3008;10957.1;96.9213;;;
64806.4727;10965.8;2230.09;;;
64866.5352;10954.7;;;;
64926.5352;10960.0;;;;
64986.5117;10950.0;;;;
65046.6914;10953.4;;;;
65106.668;10958.3;2233.81;;;
65166.6641;10955.9;78.1586;;;
65226.6602;10955.1;2228.71;;;
65286.8281;10959.4;;;;
65346.8711;10957.7;;;;
65406.832;10959.0;;;;
65466.9805;10952.9;78.0107;;;
65526.9102;10952.7;2224.64;;;
65587.125;10954.7;;;;
65647.1094;10953.1;;;;
65707.0937;10949.1;;;;
65767.2891;10938.8;8397.32;;;
65827.3203;10943.7;;;;
65887.2891;10963.1;83.7871;2226.85;;
65947.375;10964.5;2228.21;;;
66007.4375;10951.2;;;;
66067.375;10946.2;2245.54;;;
66127.5078;10955.9;;;;
66187.4531;10950.0;;;;
66247.6094;10944.1;2206.68;;;
66307.6484;10949.5;;;;
66367.6875;10944.8;;;;
66427.6719;10951.4;;;;
66487.8828;10946.6;;;;
66547.8828;10951.0;;;;
66607.8047;10966.1;10968.1;2205.02;;
66667.9766;10966.0;2237.17;;;
66727.9219;10950.7;8469.44;;;
66788.0781;10949.0;;;;
66848.0937;10947.6;;;;
66908.0937;10951.9;2247.79;;;
66968.2734;10953.4;2221.74;;;
67028.2734;10952.7;;;;
67088.2734;10958.6;;;;
67148.2891;10952.3;74.2827;1541.57;;
67208.4453;10947.8;;;;
67268.4609;10936.5;;;;
67328.4531;10955.3;82.3484;2231.94;;
67388.6328;10946.6;2224.62;;;
67448.6016;10957.0;;;;
67508.6016;10938.8;93.9469;;;
67568.7734;10950.9;;;;
67628.7969;10959.7;;;;
67688.7656;10939.9;72.5899;;;
67748.9062;10960.0;2237.34;;;
67808.9531;10953.4;2241.07;;;
67868.9375;10953.5;;;;
67928.9375;10951.3;;;;
67989.125;10954.2;2236.67;;;
68049.1172;10945.4;2224.95;;;
68109.1719;10959.0;2216.05;;;
68169.1797;10960.9;93.6096;2220.47;;
68229.1797;10954.8;;;;
68289.3516;10955.1;;;;
68349.3594;10949.0;2222.14;;;
68409.3594;10948.3;2214.9;;;
68469.5547;10948.8;2214.82;;;
68529.5625;10956.5;2230.28;;;
68589.5469;10951.1;;;;
68649.6953;10949.8;2221.06;;;
68709.7109;10948.5;2242.29;;;
68769.7187;10945.2;2234.62;;;
68829.7109;10949.5;2218.96;;;
68889.7266;10952.5;;;;
68949.8906;10940.0;;;;
69009.9219;10944.4;2247.57;;;
69069.9062;10949.8;2242.17;;;
69130.0937;10953.3;;;;
69190.1016;10945.9;;;;
69250.0234;10953.6;2238.1;;;
69310.2187;10948.3;;;;
69370.2109;10960.7;;;;
69430.2266;10952.5;2223.86;;;
69490.2422;10951.9;2239.35;;;
69550.3359;10947.8;;;;
69610.4844;10949.2;2252.64;;;
69670.4297;10947.9;10961.1;;;
69730.5391;10952.0;2224.45;;;
69790.6406;10953.4;2231.65;;;
69850.5547;10952.6;2242.96;;;
69910.7344;10954.1;2236.55;;;
69970.7031;10953.1;2240.62;;;
70030.7031;10956.0;2242.75;;;
70090.9062;10949.5;2220.39;;;
70150.9141;10948.6;2235.56;;;
70210.8906;10952.1;2227.93;;;
70270.8594;10964.0;2244.4;;;
70331.0469;10956.0;2223.66;;;
70391.0625;10956.7;;;;
70451.0156;10952.0;79.301;2228.43;;
70511.2187;10955.9;77.2208;2231.74;;
70571.1953;10951.3;10963.8;2237.74;;
70631.3281;10952.4;2227.1;;;
70691.3281;10953.3;2229.94;;;
70751.3047;10957.9;2228.95;;;
70811.4766;10951.4;2225.63;;;
70871.5156;10950.4;2237.94;;;
70931.4844;10947.2;;;;
70991.4844;10944.8;;;;
71051.6562;10952.5;2238.25;;;
71111.6641;10946.1;;;;
71171.6406;10946.9;2221.49;;;
71231.8281;10951.7;2233.81;;;
71291.8437;10947.4;;;;
71351.875;10952.2;2239.68;;;
71411.9062;10953.6;2227.33;;;
71471.9141;10956.5;2231.45;;;
71531.9062;10956.2;2239.67;;;
71592.1094;10965.0;65.6349;2236.59;;
71652.1016;10961.2;2233.03;;;
71712.0859;10963.0;;;;
71772.2656;10959.2;2227.76;8444.76;;
71832.2734;10966.7;81.6599;2228.19;;
71892.2734;10965.0;;;;
71952.4297;10961.2;;;;
72012.4687;10956.8;2238.61;;;
72072.4609;10968.8;2226.13;;;
72132.4531;10969.4;2241.95;;;
72192.6172;10974.1;2228.05;1541.25;;
72252.6172;10976.1;2224.75;;;
72312.5781;10970.5;;;;
72372.6484;10956.6;;;;
72432.6641;10959.4;96.5714;2221.34;;
72492.8594;10962.0;;;;
72552.8672;10960.3;;;;
72612.8672;10942.9;;;;
72673.0391;10947.8;2237.96;;;
72733.0703;10943.1;2237.57;;;
72793.0469;10942.5;;;;
72853.0469;10957.5;;;;
72913.25;10977.4;2227.84;;;
72973.25;10963.5;2230.54;;;
73033.25;10975.4;2230.18;;;
73093.2578;10971.8;2226.94;;;
73153.4531;10961.9;;;;
73213.4922;10972.2;2234.5;;;
73273.4922;10971.9;2228.22;;;
73333.4609;10962.0;2252.5;;;
73393.4687;10970.2;2239.85;;;
73453.6953;10972.1;78.7566;2226.86;;
73513.7422;10965.5;2199.8;;;
73573.7266;10960.2;;;;
73633.7109;10961.6;2204.32;;;
73693.7344;10963.2;;;;
73753.8828;10960.8;2219.97;;;
73813.9141;10963.0;;;;
73873.9062;10962.7;1547.16;;;
73934.0859;10967.1;2223.48;;;
73994.1172;10962.5;1551.98;2213.97;;
74054.0625;10963.9;1557.27;;;
74114.0625;10956.1;;;;
74174.2109;10959.5;2205.62;;;
74234.2187;10966.7;2220.32;;;
74294.2187;10963.2;2213.7;;;
74354.4062;10965.6;2218.81;;;
74414.4141;10956.7;2214.94;;;
74474.3828;10963.8;2226.81;1546.44;;
74534.5937;10960.4;2225.75;;;
74594.5781;10959.2;2210.29;;;
74654.5391;10958.8;2213.19;;;
74714.7344;10959.0;1538.52;;;
74774.7812;10963.3;2214.33;;;
74834.7578;10962.2;1543.23;;;
74894.7812;10960.0;2204.75;;;
74954.9219;10965.2;92.5174;1535.2;8462.21;
75014.9453;10965.2;2210.19;;;
75074.9062;10961.3;1512.25;;;
75134.9141;10964.9;2199.07;;;
75195.0703;10960.1;94.2836;;;
75255.0781;10955.6;2221.89;;;
