Time;Frequency (Hz)1;Frequency (Hz)2;Frequency (Hz)3;Frequency (Hz)4;Frequency (Hz)5;Temp. sample ( C);Temp. (2e reading) ( C)
23.725;12422.1;60.465;;;;22;22
12.119;12423.7;61.5038;;;;22;22
72.037;12422.5;62.319;2265.41;;;22;22
132.078;12416.3;67.1397;;;;22;22
192.149;12410.4;;;;;22;22
252.227;12408.9;59.8059;;;;24;24
312.281;12406.8;63.2495;;;;27;27
372.428;12406;64.2977;;;;29;29
432.373;12409.9;64.0555;;;;29;29
492.423;12416.7;63.4788;;;;29;29
552.446;12414.3;62.7797;2267.18;;;29;29
612.465;12406;66.9335;;;;31;31
672.681;12408.1;62.7042;;;;33;33
732.711;12405.7;66.831;;;;34;34
792.755;12401.7;65.2145;;;;34;34
852.788;12406.7;68.0336;;;;35;35
912.765;12398.5;69.3104;;;;38;38
972.816;12384.7;67.1114;;;;47;47
1032.884;12381.3;65.92;;;;55;55
1092.9821;12388;65.6393;;;;60;60
1153.025;12388.9;65.6553;;;;62;62
1213.062;12383.9;64.8808;;;;66;66
1273.046;12368.5;62.8141;;;;73;73
1333.098;12365.3;62.2596;;;;80;80
1393.3051;12370.5;65.4222;1606.53;;;84;84
1453.1899;12366.9;65.1264;;;;87;87
1513.334;12355.5;64.0195;;;;93;93
1573.351;12345.7;63.8858;;;;98;98
1633.374;12344;65.5531;;;;104;104
1693.421;12338.7;65.6755;;;;108;108
1753.446;12333.5;63.3192;;;;113;113
1813.473;12329.8;65.2952;;;;118;118
1873.687;12330;64.0069;;;;123;123
1933.7321;12322.2;64.8992;;;;129;129
1993.746;12316.2;65.3761;;;;134;134
2053.769;12302.3;;;;;138;138
2113.7981;12297.1;65.287;;;;143;143
2173.822;12294.7;68.3818;;;;148;148
2234.0549;12288.7;69.0728;;;;153;153
2294.105;12283;69.2918;;;;159;159
2353.9729;12276.7;69.6008;;;;164;164
2414.1699;12272.9;69.9235;;;;169;169
2474.1699;12266.2;70.4368;;;;173;173
2534.1169;12261.6;73.6888;;;;179;179
2594.2629;12255.1;70.357;;;;183;183
2654.2319;12247.8;71.1558;;;;188;188
2714.4399;12239.3;74.3342;;;;193;193
2774.436;12232.2;72.5291;;;;199;199
2834.542;12222.3;66.6965;;;;203;203
2894.5061;12215.2;66.6275;;;;209;209
2954.5339;12207.9;68.203;;;;213;213
3014.6599;12200.1;67.7275;;;;219;219
3074.6331;12196.4;66.0942;;;;224;224
3134.627;12184.3;68.3268;;;;229;229
3194.821;12180.5;76.3527;;;;234;234
3254.8191;12173.1;68.2973;;;;238;238
3314.8469;12158.4;67.0269;;;;244;244
3374.926;12152.8;65.8327;;;;249;249
3434.8589;12143.4;71.0295;;;;254;254
3494.9089;12136.8;71.0636;;;;259;259
3555.0681;12126.1;71.4256;;;;264;264
3615.0801;12112.4;73.9643;;;;269;269
3675.075;12105.5;69.6868;9218.71;;;274;274
3735.115;12085.9;;;;;279;279
3795.3159;12079;73.8063;9117.42;;;284;284
3855.3159;12058.2;87.2264;;;;289;289
3915.3669;12044.3;297.218;;;;294;294
3975.3521;12027.8;;;;;299;299
4035.491;12010.5;;;;;304;304
4095.5149;11991.2;84.0896;;;;309;309
4155.5068;11970.7;;;;;314;314
4215.5381;11957.5;87.5533;;;;319;319
4275.624;11945.3;89.1107;9168.21;;;324;324
4335.689;11935.5;78.931;;;;329;329
4395.709;11925.7;79.861;;;;334;334
4455.875;11918.1;80.6551;;;;339;339
4515.8921;11910.7;;;;;344;344
4575.9258;11896.8;82.365;;;;349;349
4635.9741;11882.7;81.9502;;;;354;354
4696.0112;11866.7;80.0593;;;;359;359
4756.0112;11849.3;81.0849;;;;364;364
4816.0669;11829.3;81.1888;;;;369;369
4876.0708;11806;81.1291;6838.77;;;374;374
4936.1211;11782.2;80.728;;;;379;379
4996.1792;11754.1;81.571;;;;384;384
5056.354;11718.3;81.9734;6597.51;;;389;389
5116.3862;11682.2;83.1536;6875.02;;;394;394
5176.4048;11657.5;82.7072;6772.73;;;399;399
5236.4458;11628;84.1415;;;;404;404
5296.4961;11610.6;85.0712;6857.64;;;409;409
5356.5161;11596.7;86.3137;6817.49;;;414;414
5416.6938;11581.3;;;;;419;419
5476.7139;11575.6;90.2958;;;;424;424
5536.7759;11571;85.7897;;;;429;429
5596.8149;11567.1;85.0098;;;;434;434
5656.7212;11562.9;87.2974;6966.2;;;439;439
5716.7612;11561.7;73.5764;6906.41;;;444;444
5776.8452;11549.1;;;;;449;449
5837.042;11545.7;;;;;454;454
5896.9619;11538.7;88.9765;;;;459;459
5956.9658;11529.3;;;;;464;464
6017.1968;11521.6;;;;;469;469
6077.2061;11515.5;;;;;474;474
6137.2319;11503.3;;;;;479;479
6197.2788;11477.6;;;;;484;484
6257.2578;11407.1;87.7477;11620.2;;;489;489
6317.4429;11233.6;85.4442;;;;494;494
6377.3779;10946.2;;;;;499;499
6437.501;11184.1;10987.8;93.7254;11668.5;;504;504
6497.5088;11031.1;11039.6;97.2686;;;509;509
6557.4741;11072.7;99.1766;11780.8;;;514;514
6617.542;11094.5;91.9445;;;;519;519
6677.6182;11103.6;92.0672;;;;524;524
6737.8032;11113.3;111.517;;;;529;529
6797.8398;11112;86.0675;;;;534;534
6857.8149;11121.5;92.1087;;;;539;539
6917.874;11116.2;90.0226;7120.76;;;544;544
6977.8789;11124.2;94.2404;7262.93;;;549;549
7037.9019;11125.3;88.421;7244.06;;;554;554
7097.9668;11129.7;;;;;559;559
7158.126;11132.2;271.297;;;;564;564
7218.2031;11143.6;104.361;7186.93;;;569;569
7278.209;11151.7;10321.9;;;;574;574
7338.2002;11143.5;10393.4;;;;579;579
7398.2432;11116.2;11131.9;10348.7;;;584;584
7458.3809;11050.3;11073.1;73.9244;;;589;589
7518.4321;10890.3;11455.6;89.2502;;;594;594
7578.332;10748;99.5928;;;;599;599
7638.5508;10677.5;104.389;;;;604;604
7698.4609;10727.3;10722.6;;;;609;609
7758.5562;10709.5;;;;;614;614
7818.6089;10648.3;110.88;;;;619;619
7878.5928;10657.7;103.084;;;;624;624
7938.7739;10659.1;;;;;629;629
7998.7988;10755.8;90.7079;9128.42;;;634;634
8058.7651;10669.5;92.6629;9102.61;;;639;639
8118.7759;10669.3;92.4895;9079.22;;;644;644
8179;10674.9;92.6453;9085.74;;;649;649
8238.8838;10693.3;;;;;654;654
8299.0439;10681.2;92.9381;;;;659;659
8359.0723;10693;89.833;;;;664;664
8419.0449;10685;;;;;669;669
8479.0801;10694.8;90.967;;;;674;674
8539.2637;10696.6;92.1787;9109.58;;;679;679
8599.332;10695.9;96.9018;;;;684;684
8659.3379;10697.8;106.914;;;;689;689
8719.3398;10701.1;102.313;;;;694;694
8779.333;10702.5;100.889;;;;699;699
8839.5371;10704;108.881;;;;704;704
8899.5693;10705.5;108.175;;;;709;709
8959.5449;10706.7;109.34;;;;714;714
9019.5469;10708.3;105.973;;;;719;719
9079.6553;10709;103.757;;;;724;724
9139.7461;10709.3;102.591;;;;729;729
9199.7539;10707.4;110.87;;;;734;734
9259.7803;10706;104.28;;;;739;739
9319.9561;10701.3;106.811;;;;744;744
9379.8428;10703.8;109.388;;;;749;749
9439.9629;10697.2;105.949;;;;754;754
9499.9951;10693.7;106.96;8512.08;;;759;759
9560.0186;10689.2;106.287;;;;764;764
9620.0078;10700.5;82.7239;;;;769;769
9680.1914;10696.2;;;;;774;774
9740.2422;10691.9;;;;;779;779
9800.2715;10672.6;107.345;;;;784;784
9860.2363;10670.1;107.302;;;;789;789
9920.2627;10678.7;;;;;794;794
9980.4932;10660.6;99.116;;;;799;799
10040.4951;10668.3;107.823;;;;804;804
10100.5166;10672.3;;;;;809;809
10160.5908;10667.6;100.449;;;;814;814
10220.7187;10673.6;102.336;;;;819;819
10280.7764;10677.1;103.228;;;;824;824
10340.8135;10667.5;118.668;;;;829;829
10400.876;10665.5;;;;;834;834
10460.8779;10688.8;109.72;;;;839;839
10520.8623;10680.1;112.217;;;;844;844
10580.9209;10685.7;112.331;;;;849;849
10640.9189;10672.8;;;;;854;854
10701.0957;10694.9;126.021;;;;859;859
10761.1611;10700.6;127.211;;;;864;864
10821.1797;10705.8;118.293;;;;869;869
10881.1602;10692.9;;;;;874;874
10941.1709;10734.5;115.862;;;;879;879
11001.3369;10704.7;;;;;884;884
11061.2988;10735.3;122.764;;;;889;889
11121.3477;10744;123.232;;;;894;894
11181.3838;10764.4;125.217;;;;899;899
11241.5771;10774.4;126.415;;;;904;904
11301.6064;10785.5;137.199;133.553;;;909;909
11361.6406;10782.5;9046.97;140.212;;;914;914
11421.7383;10807;;;;;920;920
11481.6709;10821.7;141.49;;;;924;924
11541.6816;10820.7;;;;;929;929
11601.8867;10834.3;;;;;934;934
11661.8848;10856.9;136.542;;;;939;939
11721.8887;10882.3;146.482;;;;944;944
11781.875;10885.4;136.138;;;;949;949
11842.0615;10897.4;137.679;;;;955;955
11902.0791;10929.9;8858.48;;;;959;959
11962.0801;10939.6;127.195;;;;964;964
12022.0693;10966.4;8884.17;;;;969;969
12082.2764;10984.3;73.4352;;;;974;974
12142.3291;10992.6;107.904;;;;979;979
12202.3027;11028.7;66.4614;;;;984;984
12262.2871;11047.8;67.4863;;;;990;990
12322.4551;11070.7;65.9709;;;;995;995
12382.501;11087.4;79.1912;;;;1000;1000
12442.4687;11113.9;66.6544;;;;1004;1004
12502.543;11134.8;68.7653;;;;1010;1010
12562.6143;11156.2;76.55;;;;1014;1014
12622.6816;11179.9;64.4643;;;;1020;1020
12682.6582;11206.4;74.2861;8874.47;;;1025;1025
12742.6982;11227.2;;;;;1030;1030
12802.79;11254.7;;;;;1034;1034
12862.916;11273.4;75.8669;8906.93;;;1039;1039
12922.9473;11297.1;76.9268;;;;1044;1044
12982.9482;11320;80.2029;;;;1049;1049
13042.9717;11344.3;;;;;1055;1055
13103.168;11363;82.7163;;;;1060;1060
13163.2246;11384.1;79.795;8889.26;;;1064;1064
13223.1787;11404.4;83.022;8950.98;;;1069;1069
13283.2178;11423.7;82.1751;189.743;;;1074;1074
13343.3096;11445.1;86.5078;;;;1079;1079
13403.498;11460.7;79.2272;200.181;;;1085;1085
13463.5361;11481.7;78.7645;;;;1089;1089
13523.5303;11494;80.0083;210.029;;;1095;1095
13583.6094;11512.7;81.6221;212.996;;;1100;1100
13643.5527;11526.5;81.7649;214.445;;;1105;1105
13703.6006;11535.4;80.3604;;;;1110;1110
13763.8008;11556.6;82.1609;225.72;;;1114;1114
13823.833;11552.7;80.0745;;;;1119;1119
13883.8701;11557.5;81.209;237.403;;;1125;1125
13943.9238;11531.3;80.9267;;;;1130;1130
14003.9834;11469.5;80.8886;;;;1134;1134
14063.9365;11325.5;83.7529;;;;1139;1139
14123.9844;11112.2;84.5982;243.971;;;1145;1145
14184.0723;10784.7;82.8038;;;;1150;1150
14244.0918;10371.1;84.1214;406.271;;;1154;1154
14304.0898;9939.8;81.3068;;;;1160;1160
14364.1143;9481.08;81.9942;239.014;;;1164;1164
14424.3457;9254.36;79.8771;240.422;;;1169;1169
14484.2129;9313.71;77.937;242.714;;;1175;1175
14544.377;9789.42;81.1317;242.902;;;1180;1180
14604.4238;10689.9;79.5102;239.709;;;1185;1185
14664.4277;11235.7;77.1178;241.974;412.732;;1190;1190
14724.4365;11434.7;85.0119;244.342;;;1195;1195
14784.4775;11554.7;78.9562;241.945;;;1199;1199
14844.5244;11616.4;76.1078;242.173;;;1205;1205
14904.752;11652.1;77.0541;;;;1210;1210
14964.6191;11683;76.5295;;;;1215;1215
15024.6748;11706.3;77.3822;229.386;;;1220;1220
15084.8662;11724.1;75.479;120.514;;;1225;1225
15144.9092;11741.7;75.2801;124.848;;;1230;1230
15204.9053;11754.3;75.8977;;;;1235;1235
15264.9385;11764.9;74.1505;;;;1240;1240
15325.0986;11776;73.9681;243.218;;;1244;1244
15384.9932;11788.3;75.2809;;;;1250;1250
15445.0664;11795.8;75.2122;237.54;;;1255;1255
15505.2539;11805.1;75.2776;248.929;;;1260;1260
15565.2969;11810.2;74.9167;241.572;;;1264;1264
15625.3174;11816.5;74.1567;;;;1270;1270
15685.3584;11816.5;72.9852;253.714;;;1275;1275
15745.3867;11820.7;74.5184;;;;1280;1280
15805.3613;11827;73.7036;357.87;;;1285;1285
15865.3662;11832.1;76.7365;252.037;;;1290;1290
15925.4121;11844.4;73.921;234.617;;;1295;1295
15985.6484;11851.7;74.1219;229.079;;;1300;1300
16045.7051;11855.5;73.6518;229.984;;;1305;1305
16105.7314;11852.7;72.1268;;;;1310;1310
16165.7422;11858.4;72.7119;;;;1315;1315
16225.7959;11863.3;73.9535;236.546;;;1320;1320
16285.8203;11869.3;74.3396;230.685;;;1325;1325
16345.8809;11863.8;71.6773;;;;1330;1330
16405.8848;11864.9;71.454;;;;1335;1335
16465.9199;11872.8;74.4006;233.069;;;1340;1340
16525.9336;11881.7;74.3682;235.34;;;1345;1345
16586.1133;11876.4;76.5356;199.815;430.041;;1350;1350
16646.1621;11873.6;202.494;;;;1355;1355
16706.1758;11874.7;200.727;;;;1360;1360
16766.1816;11873.7;75.4879;202.025;;;1365;1365
16826.1875;11889;73.9817;239.662;;;1370;1370
16886.2598;11895.5;73.6061;235.204;;;1375;1375
16946.3398;11892.7;75.7454;;;;1380;1380
17006.3477;75.1221;11893.5;76.9936;;;1385;1385
17066.5527;74.2903;11906.7;234.383;;;1390;1390
17126.5566;73.7202;11902;234.855;5967.87;;1395;1395
17186.5078;75.4312;232.256;11914.6;6008.84;;1400;1400
17246.6895;73.6203;230.789;11901.2;;;1405;1405
17306.7324;73.7983;227.914;11907.3;;;1410;1410
17366.7148;75.4894;229.529;11959.1;744.55;;1415;1415
17426.8437;74.5501;228.162;11910.2;746.318;;1420;1420
17486.8867;74.7411;225.388;11828.7;796.333;;1425;1425
17546.8594;74.7043;227.694;6056.26;;;1430;1430
17606.8965;76.1986;228.458;12044.2;;;1435;1435
17667.0156;82.0084;76.6657;11993.7;749.083;;1440;1440
17727.0527;83.3643;11897.6;6022.01;;;1445;1445
17787.0645;173.334;76.6292;11780.2;;;1450;1450
17847.0391;81.9917;11720.1;826.985;;;1455;1455
17907.0762;82.4113;73.1459;11702.5;6035.56;;1460;1460
17967.1875;225.767;74.3774;11674.7;6198.32;;1465;1465
18027.248;224.979;74.878;11672.7;6126.2;;1470;1470
18087.2402;226.174;76.3392;11656.4;6180.34;;1475;1475
18147.4199;226.405;76.08;11669.2;6055.79;;1480;1480
18207.4473;77.8867;168.786;223.288;;;1485;1485
18267.4121;189.085;84.3841;11673.7;6122.55;;1490;1490
18327.6074;76.7124;178.339;166.32;311.198;;1495;1495
18387.6074;221.126;75.3805;;;;1500;1500
18447.6328;225.184;73.9222;11706.3;6159.92;;1500;1500
18507.6875;71.7245;160.981;122.165;;;1501;1501
18567.6484;169.356;184.856;121.515;;;1501;1501
18627.7754;71.9909;179.412;181.619;123.217;;1500;1500
18687.7207;73.8204;162.44;214.343;311.855;;1501;1501
18747.8848;76.8018;186.308;710.044;;;1501;1501
18807.8887;71.1655;167.36;308.103;;;1500;1500
18868.0352;72.5871;180.664;249.154;;;1500;1500
18928.0527;78.7522;173.133;329.362;;;1500;1500
18987.9922;71.777;160.516;290.165;;;1501;1501
19048.0078;71.1559;177.032;168.941;308.396;;1501;1501
19108.1797;73.3737;900.962;11771.8;;;1500;1500
19168.1641;190.261;169.207;83.0654;;;1500;1500
19228.1914;171.705;76.8116;906.6;11794.2;;1501;1501
19288.3828;221.179;74.2817;907.793;6111.61;;1500;1500
19348.377;173.637;74.9162;835.051;181.038;;1496;1496
19408.4004;162.492;92.2522;889.597;170.627;;1491;1491
19468.5527;176.68;76.7783;1378.49;912.283;;1486;1486
19528.5762;72.8185;739.569;216.682;;;1481;1481
19588.5762;176.961;76.9808;1426.62;11749.1;;1476;1476
19648.5684;157.511;89.6801;217.948;243.122;;1471;1471
19708.5645;175.723;74.6626;912.021;11757.1;;1466;1466
19768.7246;77.5342;11754.6;;;;1461;1461
19828.793;176.184;77.7771;11769.5;744.329;;1456;1456
19888.7871;175.701;79.6444;11776.1;;;1451;1451
19948.9512;175.917;78.1031;11767.7;6023.65;;1446;1446
20008.9648;173.995;79.9185;11796.9;1364.26;;1441;1441
20068.9609;153.148;109.113;734.224;;;1436;1436
20128.9355;80.122;182.25;92.9695;849.678;;1430;1430
20189.1426;83.7014;134.627;841.427;;;1425;1425
20249.1406;90.539;158.749;754.286;;;1420;1420
20309.1074;83.9699;171.524;1333.69;745.078;;1415;1415
20369.1172;145.062;103.312;176.85;101.501;;1411;1411
20429.2832;134.295;166.185;140.542;;;1405;1405
20489.293;103.568;152.857;80.771;;;1400;1400
20549.2812;168.688;79.122;178.084;;;1395;1395
20609.5039;96.28;1336.52;;;;1390;1390
20669.4727;162.286;1338.49;;;;1385;1385
20729.4297;135.908;172.34;1346.35;;;1380;1380
20789.6289;172.596;1345.13;287.828;;;1375;1375
20849.6133;86.5764;12112.6;1280.39;;;1370;1370
20909.5918;90.2367;157.243;1330.13;;;1365;1365
20969.7754;90.2155;12121.1;391.042;;;1360;1360
21029.7539;177.545;1331.94;;;;1355;1355
21089.7852;92.3659;169.95;12136.2;;;1350;1350
21149.9434;93.9425;144.817;115.785;;;1345;1345
21209.9687;273.072;920.012;;;;1340;1340
21270.0039;93.969;12154.3;397.529;;;1335;1335
21330.0918;93.3647;12158.1;764.141;;;1330;1330
21390.1367;96.0628;12165.1;403.447;;;1325;1325
21450.1289;96.7755;12171.7;399.07;;;1320;1320
21510.0801;97.3069;12187.4;581.287;;;1315;1315
21570.2793;97.2751;12185.2;417.864;909.832;;1310;1310
21630.2656;12186.9;98.6924;399.782;;;1305;1305
21690.2676;96.7362;12198.4;415.837;1361.95;;1300;1300
21750.4551;12198.1;100.333;403.76;;;1295;1295
21810.3477;12202.2;100.509;414.306;;;1290;1290
21870.4395;12209.1;99.6448;421.049;;;1285;1285
21930.4727;12214.8;101.836;423.195;786.011;;1280;1280
21990.5039;12214.4;99.2103;431.056;696.742;;1275;1275
22050.707;12223.8;106.003;1287.02;416.788;;1270;1270
22110.7168;12232;107.091;669.871;;;1265;1265
22170.7324;12234;106.39;;;;1260;1260
22230.8926;12236.2;106.726;1328.58;;;1255;1255
22290.916;12242.4;107.715;461.686;;;1250;1250
22350.9121;12244.3;108.453;;;;1245;1245
22410.8809;12245.6;107.739;825.288;;;1240;1240
22471.0605;12247.1;108.02;;;;1235;1235
22531.0723;12249;107.794;;;;1230;1230
22591.0703;12250.6;109.44;504.759;;;1225;1225
22651.2285;12253.2;109.134;498.356;;;1220;1220
22711.2832;12253.7;108.942;;;;1215;1215
22771.293;12255;111.496;471.537;;;1210;1210
22831.3242;12254.5;108.751;;;;1205;1205
22891.3477;12257.3;110.635;;;;1200;1200
22951.3594;12258.3;110.564;477.228;;;1195;1195
23011.5234;12258.2;106.794;455.377;;;1190;1190
23071.543;12258.3;106.887;457.497;;;1185;1185
23131.5488;12257.7;102.483;;;;1180;1180
23191.5352;12259.7;101.746;;;;1175;1175
23251.7324;12261.5;101.385;;;;1170;1170
23311.7441;12262.6;100.54;;;;1165;1165
23371.752;12265.5;100.596;;;;1160;1160
23431.7168;12266.4;99.2617;271.47;;;1155;1155
23491.916;12268.6;98.6429;;;;1150;1150
23551.9687;12272;100.069;;;;1145;1145
23611.9238;12272.4;98.2407;;;;1140;1140
23671.957;12273.8;97.0831;102.328;;;1135;1135
23732.1504;12273.3;96.243;;;;1130;1130
23792.1387;12275.3;98.4113;;;;1125;1125
23852.1875;12277.2;94.7876;;;;1120;1120
23912.2285;12278.8;94.0976;;;;1115;1115
23972.1641;12276;94.5202;;;;1110;1110
24032.3672;12272.6;94.4477;;;;1105;1105
24092.3965;12274.8;95.6958;;;;1100;1100
24152.3652;12276.6;93.0942;;;;1095;1095
24212.4121;12276.3;92.8964;;;;1090;1090
24272.4199;12275.7;93.7402;;;;1085;1085
24332.5625;12276.7;91.9198;;;;1080;1080
24392.5723;12276.8;90.9593;;;;1075;1075
24452.5937;12279.9;88.7891;;;;1070;1070
24512.793;12279.4;87.6077;;;;1065;1065
24572.6641;12279.4;84.5272;;;;1060;1060
24632.832;12281.7;79.104;;;;1055;1055
24692.8672;12283.7;77.7012;;;;1050;1050
24752.8437;12282.8;74.2721;;;;1045;1045
24812.8711;12284.3;72.8567;;;;1040;1040
24873.0137;12287;73.6151;;;;1035;1035
24933.0527;12287.4;73.3242;257.97;;;1030;1030
24993.0762;12287.9;72.8268;;;;1025;1025
25053.084;12289.2;72.5906;179.036;;;1020;1020
25113.2637;12289.8;72.098;179.036;;;1015;1015
25173.2441;12291.6;71.5037;;;;1010;1010
25233.2363;12292.1;70.9792;;;;1005;1005
25293.4316;12291.6;70.0491;;;;1000;1000
25353.4434;12291.5;68.2855;242.59;;;995;995
25413.4395;12293.1;68.8698;241.783;;;990;990
25473.4609;12294.8;68.1771;;;;985;985
25533.5937;12296.6;64.129;251.539;;;980;980
25593.6191;12297.5;66.4487;249.455;;;975;975
25653.6016;12297.8;68.8702;;;;970;970
25713.7656;12297.4;69.6803;;;;965;965
25773.7754;12298.6;70.3079;;;;960;960
25833.752;12300.9;69.9608;;;;955;955
25893.7676;12302.6;69.2304;;;;950;950
25953.9609;12304;69.4944;;;;945;945
26013.9805;12310.6;69.4783;;;;940;940
26073.9512;12312.5;68.7977;;;;935;935
26134.1504;12313.2;68.3689;;;;930;930
26194.1953;12312.4;69.1801;;;;925;925
26254.0684;12309.9;69.4276;440.827;;;920;920
26314.252;12311.8;69.1309;;;;915;915
26374.25;12311.9;69.4459;;;;910;910
26434.2285;12313.6;66.552;;;;905;905
26494.2676;12316.8;66.8711;;;;900;900
26554.4707;12322.6;67.9279;;;;895;895
26614.4805;12340.5;;;;;890;890
26674.4883;12170.4;70.656;;;;885;885
26734.4609;11788.1;;;;;880;880
26794.666;11374.4;;;;;875;875
26854.6758;11000.3;68.2612;;;;870;870
26914.6758;10657.2;67.3231;8958.5;;;865;865
26974.8242;10522.3;8978.5;;;;860;860
27034.8613;10442.2;8969.98;;;;855;855
27094.8887;10386.6;68.9137;;;;850;850
27154.8965;10346.4;68.8196;8912.43;;;845;845
27214.9141;10314.4;67.8887;;;;840;840
27275.0625;10280.9;69.8024;;;;835;835
27335.0488;10265.4;70.0833;;;;830;830
27395.0703;10247.6;70.1649;9513.91;;;824;824
27455.0996;10233.7;66.4317;;;;820;820
27515.3047;10238;;;;;815;815
27575.3086;10223.6;70.063;8784.27;;;810;810
27635.2969;10218.4;70.9227;;;;805;805
27695.3164;10214.9;70.7496;;;;800;800
27755.5039;10207.9;70.6688;;;;795;795
27815.5469;10203.6;66.0504;8781.54;;;790;790
27875.498;10202.8;70.2372;;;;785;785
27935.6875;10204.6;70.3827;;;;780;780
27995.7363;10200.2;70.9885;8604.23;;;775;775
28055.6152;10190.9;71.9165;66.2227;;;770;770
28115.8437;10193.9;70.5905;;;;764;764
28175.8457;10188;70.6347;;;;760;760
28235.8496;10184.2;70.6341;61.3355;;;754;754
28295.832;10178.8;70.663;;;;750;750
28356.0449;10175;71.6443;;;;745;745
28416.0293;10170.6;;;;;740;740
28476.0234;10162.7;;;;;735;735
28536.0254;10154.6;;;;;730;730
28596.2246;10150.3;;;;;725;725
28656.1289;10145.9;;;;;719;719
28716.2871;10139.2;;;;;715;715
28776.2637;10137.3;70.7918;;;;710;710
28836.2656;10128;;;;;705;705
28896.4629;10120.4;105.569;;;;700;700
28956.5078;10116.1;;;;;694;694
29016.4707;10111.8;;;;;690;690
29076.4844;10107.5;104.1;;;;685;685
29136.6191;10109.6;71.7053;61.9702;;;679;679
29196.666;10102.9;66.7262;;;;675;675
29256.666;10089.7;;;;;670;670
29316.8555;10085.7;;;;;665;665
29376.8965;10080.2;;;;;660;660
29436.8633;10075.9;;;;;655;655
29496.8672;10071.5;;;;;650;650
29556.9082;10065.3;;;;;646;646
29617.0391;10060.3;69.2152;;;;641;641
29677.0605;10058.9;;;;;637;637
29737.0625;10053.5;;;;;633;633
29797.1289;10055.8;;;;;628;628
29857.1309;10051.3;;;;;624;624
29917.3359;10042.1;;;;;620;620
29977.2363;10050.3;;;;;615;615
30037.4219;10052.6;7557.04;;;;611;611
30097.3965;10050.7;;;;;607;607
30157.3848;10046.6;;;;;603;603
30217.5605;10048;9035.32;;;;599;599
30277.582;10046.1;;;;;596;596
30337.5645;10050.4;;;;;591;591
30397.7461;10046.2;9053.29;;;;588;588
30457.752;10046.7;;;;;584;584
30517.7246;10046.6;;;;;580;580
30577.8945;10053.3;;;;;576;576
30637.9492;10069.6;10065.7;9064.83;;;573;573
30697.9453;10076.8;;;;;569;569
30757.9219;10132.2;69.336;;;;565;565
30818.084;10178.7;69.3692;10554;;;561;561
30878.1289;10251.6;69.4943;10447.8;;;558;558
30938.0879;10319.7;10433.4;;;;554;554
30998.2441;10385.7;10387.7;69.2709;9043.92;;551;551
31058.2324;10427;70.7027;9907.55;9025.29;;547;547
31118.207;10447.7;72.5066;9628.67;;;544;544
31178.2207;10446.6;72.2471;9684.09;;;541;541
31238.3887;10439.4;72.4984;254.219;;;537;537
31298.3965;10423.7;71.9101;7277.68;;;534;534
31358.4023;10416.3;73.4279;;;;531;531
31418.5684;10413.3;73.1351;;;;528;528
31478.5879;10406.4;73.0927;;;;524;524
31538.5508;10404;73.5441;;;;521;521
31598.7422;10404.6;74.0934;;;;517;517
31658.7793;10399.1;74.2075;;;;514;514
31718.7871;10397.5;75.0181;;;;511;511
31778.7793;10393.7;75.2713;;;;508;508
31838.793;10394.3;82.0913;7234.33;;;505;505
31898.957;10390.4;79.1669;;;;502;502
31958.9648;10386.1;75.0543;;;;498;498
32018.9961;10380.8;75.9262;;;;496;496
32078.9961;10383;68.9975;;;;493;493
32139.1367;10373.9;71.8054;;;;489;489
32199.1875;10367.3;76.7021;256.883;;;486;486
32259.168;10357.3;76.3615;;;;484;484
32319.3535;10347.7;75.848;;;;480;480
32379.3848;10351.5;72.8364;;;;478;478
32439.3203;10347.9;;;;;475;475
32499.4863;10337.8;79.7966;10955.1;;;472;472
32559.543;10332.1;82.804;11019.9;;;469;469
32619.4941;10325.3;84.7215;;;;466;466
32679.498;10335.5;77.8363;10991.3;;;463;463
32739.6406;10574.5;83.6468;11060.3;;;460;460
32859.7109;10584.9;10439.5;120.433;;;455;455
32919.7109;10612.9;10362.1;80.4544;9502.78;;452;452
32979.8242;10374.2;10102;80.3691;9218.82;;449;449
33039.8437;10461.1;10053.3;;;;447;447
33100.0039;10497.4;82.3197;;;;444;444
33160.0391;10572.2;83.4886;10906.6;;;441;441
33220;10611.2;82.4441;10886.7;;;439;439
33280.0078;10646.1;81.745;10721;;;436;436
33340.1719;10642.8;10752.4;75.7395;;;433;433
33400.1875;10664.2;10800.1;74.8233;;;431;431
33460.2031;10672.9;78.3594;286.984;;;428;428
33520.2109;10673.1;74.3823;288.028;;;426;426
33580.3555;10683;75.3044;5699.81;;;423;423
33640.3984;10676.4;76.0123;286.026;5662.04;;420;420
33700.3828;10683.1;74.0876;289.86;6367.17;;418;418
33760.3867;10659.5;;;;;416;416
33820.5273;10677.7;74.4276;9013.29;;;413;413
33880.5273;10681.7;;;;;411;411
33940.543;10685.4;80.2613;;;;408;408
34000.7539;10696.7;;;;;406;406
34060.7852;10694.7;79.4077;;;;403;403
34120.7148;10695.7;85.7959;6269.3;;;401;401
34180.8789;10681.4;6216.21;;;;398;398
34240.8945;10673.5;;;;;396;396
34300.875;10673;;;;;394;394
34360.8555;10679.3;83.0917;;;;391;391
34421.0273;10683.1;80.4165;;;;389;389
34481.0352;10678.3;80.0326;;;;387;387
34541.043;10676.5;80.3392;;;;384;384
34601.2344;10673;;;;;382;382
34661.2578;10661.6;;;;;380;380
34721.2734;10667.6;;;;;377;377
34781.2812;10656.2;;;;;375;375
34841.2734;10661.7;83.2483;;;;373;373
34901.4844;10661.4;;;;;371;371
34961.5039;10655.4;;;;;368;368
35021.4844;10648.1;6251.95;;;;366;366
35081.457;10656.2;83.7262;;;;364;364
35141.6602;10651.7;;;;;362;362
35201.6641;10640.9;;;;;360;360
35261.6641;10645.9;85.8523;;;;358;358
35321.6836;10637.4;;;;;355;355
35381.8477;10630.9;80.7214;;;;353;353
35441.8555;10626;;;;;351;351
35501.8437;10625.9;84.2407;;;;349;349
35561.8594;10622.4;;;;;347;347
35622.0508;10619.3;84.9994;;;;345;345
35682.0469;10616.8;80.1644;;;;343;343
35742.2031;10611.5;86.2371;278.622;;;341;341
35802.2461;10609.7;86.4032;277.279;;;339;339
35862.2422;10596.3;;;;;337;337
35922.2383;10591.5;80.4959;284.399;;;335;335
35982.3906;10588.2;;;;;333;333
36042.3516;10651.8;85.9166;281.793;;;331;331
36102.4141;10584.6;;;;;329;329
36162.3906;10585.6;6120.78;;;;327;327
36222.5664;10579.9;;;;;325;325
36282.5664;10568.3;6149.29;;;;323;323
36342.6562;10585.9;;;;;321;321
36402.7422;10583.9;;;;;319;319
36462.7695;10598.7;6097.2;;;;317;317
36522.7656;10598.2;6058.25;;;;315;315
36582.7344;10739.3;80.3431;8890.17;;;314;314
36642.9375;10618.2;6095.65;;;;312;312
36702.9805;10764.1;10770.1;;;;310;310
36762.957;10762.2;80.4038;;;;308;308
36822.9102;10641.9;;;;;306;306
36883.0937;10772.2;86.1928;;;;304;304
36943.1523;10782.2;81.8322;;;;302;302
37003.1758;10791.1;83.6336;9415.09;;;301;301
37063.1602;10728.4;81.9441;;;;299;299
37123.3477;10744.9;89.2941;;;;297;297
37183.3828;10739.1;;;;;295;295
37243.3828;10740.5;;;;;294;294
37303.5;10754.4;;;;;292;292
37363.5195;10759.4;6034;;;;290;290
37423.4961;10780.6;88.4816;;;;288;288
37483.457;10777.7;88.2123;;;;286;286
37543.6367;10770.9;;;;;285;285
37603.6523;10786.7;79.8057;;;;283;283
37663.6211;10792.5;79.5602;;;;281;281
37723.8164;10798.2;88.8573;;;;280;280
37783.8359;10809.9;87.9167;;;;278;278
37843.8047;10807.8;;;;;276;276
37904.0039;10820;82.9116;;;;275;275
37964.0312;10815.7;82.868;5980.44;;;273;273
38024.0156;10824.8;86.6876;;;;271;271
38083.9805;10820;82.803;;;;270;270
38144.1758;10824.5;79.998;1757.72;;;268;268
38204.1875;10825.7;82.8652;;;;266;266
38264.1914;10823.8;83.2964;;;;265;265
38324.1797;10825.4;82.8977;;;;264;264
38384.3555;10826.7;82.7773;;;;262;262
38444.3906;10823.6;83.7676;;;;260;260
38504.3633;10825.1;83.9191;;;;259;259
38564.3555;10823.2;83.179;;;;257;257
38624.5312;10821.8;83.6075;;;;255;255
38684.5508;10817.3;83.2163;1760.02;;;254;254
38744.5195;10816.2;82.7445;;;;253;253
38804.707;10832;88.881;;;;251;251
38864.7812;10811.5;83.5216;;;;250;250
38924.7617;10824.9;89.822;;;;248;248
38984.7305;10814.5;1748.33;;;;247;247
39044.9023;10819.3;85.3957;1737.32;;;245;245
39104.9102;10816;86.884;;;;243;243
39164.9336;10807.8;;;;;242;242
39224.9141;10806.3;;;;;241;241
39285.0977;10808.5;;;;;239;239
39345.1367;10803.3;;;;;238;238
39405.125;10807.3;86.177;;;;236;236
39465.1523;10802;;;;;235;235
39525.3047;10811.5;;;;;233;233
39585.3203;10817.1;;;;;232;232
39645.3242;10799.6;85.4019;;;;230;230
39705.3359;10802.7;89.6077;1741.63;;;229;229
39765.5078;10809;90.3277;;;;228;228
39825.5508;10803.5;89.6367;;;;226;226
39885.5195;10806.7;77.9562;;;;225;225
39945.6875;10810.6;78.4048;1690.2;;;224;224
40005.7109;10843.1;81.1016;;;;222;222
40065.7109;10817.1;89.9225;;;;221;221
40125.6875;10819.1;89.0098;;;;220;220
40185.875;10857.1;76.958;;;;218;218
40245.9297;10870.1;88.2324;;;;217;217
40305.8711;10821.6;89.5791;;;;216;216
40365.8633;10847.6;121.41;1702.68;;;215;215
40426.0352;10859.9;10938.7;92.3909;;;213;213
40486.0781;10861.6;81.391;;;;212;212
40546.0273;10877.6;;;;;211;211
40606.2383;10875.4;92.2841;;;;209;209
40666.2422;10810;;;;;209;209
40726.2344;10881.3;92.1103;;;;207;207
40786.3828;10870;;;;;206;206
40846.4258;10880.7;99.793;;;;205;205
40906.4258;10881;80.5347;;;;203;203
40966.4219;10877.8;80.7678;;;;202;202
41026.5859;10879.5;82.1807;;;;201;201
41086.625;10884.8;10885.8;82.6395;;;200;200
41146.6406;10867.5;97.9267;;;;198;198
41206.5937;10858.9;81.384;;;;197;197
41266.7617;10865.1;81.4384;;;;196;196
41326.7773;10872.5;99.3917;;;;195;195
41386.7578;10869.8;97.7516;;;;194;194
41446.7734;10864;81.3357;;;;193;193
41506.9766;10880.7;76.4772;;;;191;191
41566.9805;10868.4;82.1719;;;;190;190
41627;10875.2;81.7991;;;;189;189
41687.1523;10882.8;76.8045;;;;188;188
41747.1562;10883.7;76.485;1668.71;;;187;187
41807.1289;10884.5;76.2878;;;;186;186
41867.3008;10886.6;76.1801;;;;185;185
41927.332;10887.8;76.5746;1684.47;;;184;184
41987.2734;10887.4;76.197;1662.91;;;183;183
42047.2695;10889.1;76.4519;;;;182;182
42107.457;10891.1;76.1598;;;;180;180
42167.5195;10896.7;76.799;1680.43;;;179;179
42227.4844;10897.1;75.7401;1669.16;;;178;178
42287.4648;10898.7;76.3078;;;;177;177
42347.6172;10896.7;76.1612;1674.27;;;176;176
42407.6719;10897.5;76.4659;1644.47;;;175;175
42467.6602;10897;75.1984;1667.51;;;174;174
42527.6641;10896.5;78.714;1662.7;;;173;173
42587.8711;10906.5;76.7059;5054.87;;;172;172
42647.8477;10906.2;78.9998;;;;171;171
42707.8477;10901.6;78.7263;;;;170;170
42768.0508;10907.7;79.6811;;;;169;169
42828.043;10911.6;80.0284;;;;168;168
42888.0469;10907;79.4708;;;;167;167
42948.0117;10911.1;76.1844;;;;166;166
43008.1875;10911.2;77.6638;;;;165;165
43068.1992;10909.2;77.0158;;;;164;164
43128.1992;10915.6;74.0347;;;;163;163
43188.3711;10923.5;61.8941;;;;162;162
43248.4492;10920.2;98.5683;;;;161;161
43308.4648;10914.2;97.6761;;;;160;160
43368.4336;10914.9;97.2105;;;;159;159
43428.4336;10911.9;98.3056;;;;158;158
43488.6406;10910.9;98.0705;;;;157;157
43548.6133;10914.7;63.2607;1659.89;;;156;156
43608.625;10912.1;73.3576;;;;155;155
43668.6484;10914.1;77.1554;;;;154;154
43728.8477;10911.1;76.5363;;;;153;153
43788.8789;10911.2;76.4492;;;;153;153
43848.8555;10915.3;74.7592;;;;152;152
43908.8789;10912.8;75.3725;;;;151;151
43968.9102;10906.2;75.2524;;;;150;150
44029.0781;10905.2;76.1087;;;;149;149
44089.0937;10902.8;75.6777;;;;148;148
44149.0937;10910;74.7442;;;;147;147
44209.0898;10905.2;99.57;;;;146;146
44269.2695;10901.6;97.5729;;;;145;145
44329.2969;10932.1;70.5754;;;;144;144
44389.2656;10904.7;68.9664;;;;144;144
44449.2734;10899.5;96.1579;;;;143;143
44509.4883;10917.1;10915.9;73.4196;;;142;142
44569.4922;10919.2;74.3227;;;;141;141
44629.4844;10919.2;70.7133;10934.8;;;140;140
44689.4727;10925.4;75.206;;;;139;139
44749.668;10917.9;97.3554;1630.32;;;139;139
44809.7148;10921.3;76.7366;;;;138;138
44869.668;10947.9;94.2367;1619.78;;;137;137
44929.6836;10943.2;73.896;;;;136;136
44989.8516;10936.5;75.2385;;;;135;135
45049.832;10908.5;80.8428;;;;135;135
45109.8789;10916.7;10956.6;80.1071;;;134;134
45169.8945;10933.9;77.6477;;;;133;133
45230.043;10920.8;79.0965;;;;132;132
45290.0625;10929.7;78.3629;;;;131;131
45350.0625;10937.7;78.6521;;;;131;131
45410.1562;10908.3;10956.4;77.7315;;;130;130
45470.1445;10913;10946.8;76.4928;;;129;129
45530.207;10915.7;105.871;;;;128;128
45590.207;10917.9;10960.8;86.4545;;;128;128
45650.4375;10919.3;10958.4;;;;127;127
45710.4414;10926.2;76.3489;;;;126;126
45770.4492;10924.3;88.3009;;;;125;125
45830.4219;10920.9;75.641;;;;125;125
45890.5859;10953.6;75.9785;;;;124;124
45950.6172;10960.4;76.3048;;;;123;123
46010.6406;10930.7;86.4282;;;;123;123
46070.6172;10929.8;86.6013;;;;122;122
46130.8242;10930.7;88.0381;;;;121;121
46190.8828;10930;87.9165;;;;120;120
46250.9219;10931.3;108.332;;;;120;120
46310.9258;10932.4;89.6857;;;;119;119
46370.8945;10953.4;75.7814;;;;118;118
46431.0781;10955.2;76.0718;;;;118;118
46491.0625;10959;76.3313;;;;117;117
46551.0352;10950.9;89.6345;;;;117;117
46611.0703;10964.1;75.2282;;;;116;116
46671.3047;10964;76.1234;;;;115;115
46731.2812;10941;91.6052;;;;114;114
46791.2734;10963.6;76.4792;;;;114;114
46851.2773;10965.9;76.8122;;;;113;113
46911.4922;10961;76.1765;;;;112;112
46971.5273;10940.6;76.9262;;;;112;112
47031.4766;10955.3;76.4224;;;;111;111
47091.457;10958.3;76.7545;;;;110;110
47151.6289;10955;77.2103;;;;110;110
47211.6602;10961.1;76.5781;;;;109;109
47271.6406;10963.8;76.1499;;;;109;109
47331.6562;10954.4;62.6768;;;;108;108
47391.8164;10969.2;69.5532;;;;108;108
47451.8242;10967;64.042;;;;107;107
47511.8164;10964.4;10980.4;75.8204;;;106;106
47571.9883;10961.6;63.7136;;;;105;105
47632.0664;10955.8;63.7404;;;;105;105
47692.0625;10958.7;62.7558;;;;104;104
47752.0664;10960.3;67.8181;;;;104;104
47812.0586;10955.6;62.6838;;;;103;103
47872.2461;10953.6;62.801;;;;103;103
47932.2852;10956.4;63.6025;;;;102;102
47992.2461;10965.4;67.7936;;;;101;101
48052.4414;10973.6;64.256;;;;101;101
48112.4609;10976.4;64.6017;;;;100;100
48172.4648;10994.7;68.105;;;;100;100
48232.4258;10996.2;64.1074;;;;99;99
48292.6367;10996.2;68.8068;;;;98;98
48352.6562;10998.1;75.9881;;;;98;98
48412.6406;11001.7;64.3538;;;;98;98
48472.6406;10954.4;64.3269;;;;97;97
48532.6953;10951.8;76.1605;;;;96;96
48592.9258;10946;76.342;;;;96;96
48652.8867;11007.3;76.8942;;;;95;95
48712.9492;10948.5;76.7445;;;;95;95
48773.0977;10951.1;76.588;;;;94;94
48833.125;10948.1;75.8919;;;;94;94
48893.0898;10949.6;68.5689;;;;93;93
48953.1133;10952.3;76.6396;;;;93;93
49013.2656;10954.9;76.2944;;;;92;92
49073.2734;10954.6;75.7778;;;;92;92
49133.2734;10959.5;75.9785;1565.33;;;91;91
49193.4453;10954.7;76.1918;;;;91;91
49253.4492;10957.3;64.9795;;;;90;90
49313.4414;10957.1;77.3874;;;;90;90
49373.4609;10957.6;76.896;;;;89;89
49433.6367;10961.4;64.086;;;;89;89
49493.625;10971.7;64.0621;;;;88;88
49553.6367;10956.4;77.5407;;;;88;88
49613.6172;10959.2;70.6024;;;;87;87
49673.8086;10954.3;69.8999;1556.52;;;86;86
49733.8086;10961.3;68.8551;;;;86;86
49793.793;10996.8;64.5787;1556.52;;;86;86
49853.8281;10986.5;57.5844;;;;85;85
49913.9805;10985.4;65.0016;;;;85;85
49973.9453;10981.8;64.6427;;;;84;84
50034.1562;10984.7;64.6684;;;;84;84
50094.1641;10983;65.8456;;;;84;84
50154.1289;10986.7;58.4145;;;;83;83
50214.3008;10976.6;65.2362;;;;83;83
50274.3281;10977.4;66.0121;;;;82;82
50334.3398;10979;65.4154;;;;82;82
50394.3516;10978;58.8932;;;;81;81
50454.3242;10985.2;63.6109;;;;81;81
50514.3672;10980.9;63.5494;;;;80;80
50574.5352;10978;63.4965;;;;80;80
50634.5273;10972.6;65.4116;;;;79;79
50694.5352;10979.3;65.8573;;;;79;79
50754.7227;10977.9;65.3819;;;;78;78
50814.7227;10981.1;65.4858;;;;78;78
50874.7227;10982;66.2932;;;;78;78
50934.7422;10979.9;66.1849;;;;77;77
50994.9414;10980.7;66.49;;;;77;77
51054.9375;10979.7;57.18;;;;77;77
51114.9453;10979.6;78.1505;2231.7;;;76;76
51174.9648;10973.1;67.0373;;;;76;76
51235.1211;10976.9;66.3339;;;;75;75
51295.1211;10974.5;66.1798;;;;75;75
51355.1133;10974.4;77.0274;;;;75;75
51415.1719;10976.5;77.8961;;;;74;74
51475.3437;10976.7;66.7504;;;;74;74
51535.3594;10975.8;78.0078;;;;73;73
51595.4062;10975.4;63.7013;;;;73;73
51655.3398;10975;65.7601;;;;73;73
51715.3672;10966.2;66.7456;;;;72;72
51775.5586;10963.3;66.1612;;;;72;72
51835.5586;10971.6;65.3951;;;;71;71
51895.6797;10970.3;77.6028;;;;71;71
51955.7305;10972.6;66.6101;;;;71;71
52015.7266;10969.8;77.9424;;;;70;70
52075.7187;10969.8;65.9861;;;;70;70
52135.7187;10977.4;66.5601;;;;70;70
52195.8281;10960.8;99.054;;;;69;69
52255.9297;10962.4;99.483;;;;69;69
52315.9023;10970.4;65.7276;;;;69;69
52376.0547;10972.4;78.896;;;;68;68
52435.9883;10971.4;78.7646;;;;68;68
52496.1641;10975.9;77.5649;;;;68;68
52556.2461;10957.7;97.809;;;;67;67
52616.2266;10955.6;100.043;;;;67;67
52676.2656;10949.8;;;;;66;66
52736.2695;10955.9;100.37;;;;66;66
52796.4414;10969;77.979;;;;66;66
52856.3242;10954.3;;;;;66;66
52916.5078;10950.3;99.0167;;;;65;65
52976.4805;10951.8;;;;;65;65
53036.4609;10958.1;;;;;65;65
53096.6055;10959.1;109.554;;;;64;64
53156.625;10962.4;78.9759;;;;64;64
53216.7773;10958.6;;;;;64;64
53276.8164;10959.2;77.9825;;;;63;63
53336.7773;10949.6;;;;;63;63
53396.793;10952.3;101.056;;;;63;63
53456.9609;10955.7;;;;;62;62
53516.9141;10944.4;;;;;62;62
53577.0469;10951.8;;;;;62;62
53636.9922;10950.7;99.6796;;;;62;62
53697.0977;10949;;;;;61;61
53757.1406;10946.4;2236.62;;;;61;61
53817.125;10938.6;2221.28;;;;60;60
53877.3164;10949.7;77.6414;2238.77;;;60;60
53937.3359;10951.3;;;;;60;60
53997.3398;10947.9;99.9029;;;;60;60
54057.5039;10942.7;;;;;59;59
54117.5234;10952;;;;;59;59
54177.5117;10954.9;;;;;59;59
54237.4727;10966.9;64.0958;10952.3;;;59;59
54297.6758;10966;63.3602;;;;58;58
54357.7539;10952.4;63.8825;;;;58;58
54417.6992;10965.3;58.8028;;;;58;58
54477.7187;10967.8;65.0299;;;;57;57
54537.8633;10965.5;64.4027;;;;57;57
54597.9102;10970.2;62.8687;;;;57;57
54657.8945;10969.9;60.5752;10954.4;;;57;57
54717.8828;10969.4;55.5304;;;;56;56
54778.0898;10972.5;65.2013;;;;56;56
54838.0547;10968.6;64.1604;;;;56;56
54898.0859;10952.1;77.5976;;;;56;56
54958.2422;10942.4;65.5661;;;;56;56
55018.2148;10947.1;65.6282;;;;55;55
55078.1641;10944.6;65.8696;;;;55;55
55138.3398;10946.1;64.2423;;;;54;54
55198.3594;10943.7;10944.9;;;;54;54
55258.375;10970.5;77.0305;;;;54;54
55318.3828;10944.9;65.1885;;;;54;54
55378.5352;10967.7;78.2843;;;;54;54
55438.5664;10974.3;64.4628;;;;54;54
55498.6016;10947.4;78.3226;;;;53;53
55558.5781;10946.5;65.298;;;;53;53
55618.7617;10973.9;78.1217;;;;53;53
55678.793;10968.9;65.1929;;;;53;53
55738.7695;10957;80.7523;;;;53;53
55798.9531;10954.6;8417.71;;;;53;53
55858.8164;10962.6;98.5229;;;;52;52
55918.9531;10967.9;80.2471;1528.55;;;51;51
55978.9922;10960.6;79.603;;;;51;51
56038.9766;10929.3;;;;;51;51
56099.0625;10926.8;96.7369;;;;51;51
56159.207;10939.9;97.0833;9098.58;;;51;51
56219.2187;10960.6;80.4511;;;;51;51
56279.2266;10961;81.4746;;;;50;50
56339.207;10958.2;80.8748;;;;50;50
56399.3984;10956.1;82.4089;;;;50;50
56459.4492;10959.1;98.2837;;;;50;50
56519.457;10954.8;82.2708;;;;50;50
56579.5781;10965;104.528;;;;50;50
56639.5625;10976.4;77.3603;;;;49;49
56699.5586;10960.5;76.6647;;;;49;49
56759.7422;10974.5;64.6339;;;;49;49
56819.7617;10950.6;78.403;;;;48;48
56879.8125;10947;97.742;;;;48;48
56939.7773;10953.6;80.4123;;;;48;48
56999.8242;10929.2;94.0768;;;;48;48
57059.8359;10947.8;;;;;48;48
57120.043;10949;81.8074;;;;48;48
57180.0898;10940.7;77.0061;;;;47;47
57240.0937;10943.3;63.7664;;;;47;47
57300.0469;10961.2;77.6568;;;;47;47
57360.2266;10949.2;80.9809;;;;47;47
57420.2773;10927.9;;;;;47;47
57480.1562;10983.9;62.8371;;;;46;46
57540.3516;10928.1;10930.2;;;;46;46
57600.3164;10934.6;10936.8;;;;46;46
57660.5039;10943.1;;;;;46;46
57720.3594;10944;98.9974;;;;46;46
57780.5117;10930.6;;;;;45;45
57840.4687;10944.2;76.2752;;;;45;45
57900.6875;10946.1;;;;;45;45
57960.5586;10949.3;76.4902;;;;45;45
58020.707;10924.8;;;;;45;45
58080.7422;10948.4;;;;;44;44
58140.7773;10947.1;78.716;;;;44;44
58200.9531;10928.7;95.6583;;;;45;45
58260.8828;10948.5;76.3609;;;;44;44
58320.9453;10950.3;95.7178;;;;44;44
58381.1055;10982.7;64.2085;;;;44;44
58441.1211;10939.6;62.1945;;;;44;44
58501.0703;10941.2;97.9647;;;;43;43
58561.0781;10942.5;64.3891;;;;43;43
58621.2852;10940.5;77.4749;;;;43;43
58681.3008;10940.8;77.7055;;;;43;43
58741.2812;10933.2;;;;;43;43
58801.3633;10933.5;;;;;43;43
58861.4766;10947.3;10935.2;;;;43;43
58921.4648;10948.5;10936.1;;;;42;42
58981.5352;10939.3;;;;;42;42
59041.5937;10948.3;;;;;42;42
59101.5625;10948;10936.8;78.9828;;;42;42
59161.6289;10955.5;;;;;41;41
59221.7031;10954.8;1541.21;10944.3;;;42;42
59281.7695;10956.6;10946.1;78.5167;;;42;42
59341.8711;10941.7;;;;;42;42
59401.9922;10958.1;74.5758;;;;41;41
59461.9727;10955.1;77.8332;;;;41;41
59522.0625;10946.5;76.2968;;;;41;41
59581.9883;10945.6;93.9918;;;;41;41
59642.0781;10961.6;97.8715;;;;40;40
59702.2305;10946;99.3423;;;;40;40
59762.1602;10962.4;10951.2;73.502;;;41;41
59822.168;10937.4;;;;;40;40
59882.3516;10946.9;75.363;1526.48;;;40;40
59942.3477;10951.7;64.0249;;;;40;40
60002.3398;10952.7;63.8091;;;;40;40
60062.5391;10953.5;63.567;;;;40;40
60122.5273;10956.8;63.7478;;;;39;39
60182.4961;10951.5;63.3196;;;;39;39
60242.6836;10952.6;63.0402;;;;39;39
60302.7227;10957.3;63.259;;;;39;39
60362.707;10957.7;62.4895;;;;39;39
60422.7305;10971.5;63.0435;;;;39;39
60482.8945;10951.1;79.8189;;;;39;39
60542.9219;10952.2;97.9809;;;;38;38
60602.9531;10954.5;97.5259;10955.9;;;38;38
60662.9766;10954.1;98.2584;;;;38;38
60722.9258;10964;63.0106;;;;38;38
60783.0039;10951.8;74.0582;;;;38;38
60843.0898;10968.1;74.175;10966.4;2236.33;;38;38
60903.1211;10968.7;;;;;38;38
60963.2695;10965.9;77.3118;;;;38;38
61023.3516;10962.7;76.3147;10949;2254.4;;38;38
61083.3477;10959.7;74.6275;;;;37;37
61143.2852;10948.4;80.6725;2236.11;;;37;37
61203.457;10957.9;76.4898;;;;37;37
61263.4805;10945.8;;;;;37;37
61323.4531;10963.1;74.9884;;;;37;37
61383.6445;10959;77.6618;;;;37;37
61443.6367;10957.6;;;;;36;36
61503.6406;10973.2;61.54;;;;36;36
61563.6406;10958.6;95.3033;1531;;;37;37
61623.8594;10946.7;95.6938;;;;36;36
61683.8672;10960.5;75.376;;;;36;36
61743.8437;10961.7;73.8358;;;;36;36
61803.8633;10944.5;74.8226;;;;36;36
61863.8555;10953.5;;;;;36;36
61924.0312;10961.1;;;;;36;36
61984.0742;10943.4;95.9159;;;;35;35
62044.0234;10946.5;2233.93;;;;35;35
62104.2187;10959.7;10947.9;;;;35;35
62164.2461;10955.1;;;;;35;35
62224.1992;10955.5;80.9486;;;;35;35
62284.207;10930.7;10932.5;;;;35;35
62344.3906;10936;;;;;35;35
62404.4336;10936.3;;;;;35;35
62464.4297;10929.2;;;;;35;35
62524.4062;10956.7;;;;;35;35
62584.5898;10942.6;;;;;34;34
62644.5859;10938.1;;;;;34;34
62704.5898;10959.2;79.59;;;;35;35
62764.7773;10964.1;95.0782;;;;34;34
62824.7969;10959.9;;;;;34;34
62884.8789;10958.2;78.3386;;;;34;34
62944.8359;10962.9;93.5667;;;;34;34
63004.9102;10955.1;;;;;34;34
63064.9219;10954;75.1904;10955.4;;;34;34
63124.9609;10958.9;94.9825;;;;34;34
63185.0703;10963.6;75.9953;;;;34;34
63245.1016;10965.7;;;;;34;34
63305.1328;10945.7;2228.89;;;;34;34
63365.2969;10954;71.4419;;;;33;33
63425.3398;10953.3;79.1254;;;;33;33
63485.3398;10950.3;94.7517;;;;33;33
63545.2969;10962;62.5875;;;;33;33
63605.3398;10962.8;58.0696;;;;33;33
63665.5039;10963;2210.52;;;;33;33
63725.5508;10950;10951.2;10952.3;;;33;33
63785.5234;10958.5;2208.18;;;;33;33
63845.6875;10956.8;;;;;33;33
63905.6836;10956.3;61.4421;;;;33;33
63965.6992;10959.6;82.8635;;;;33;33
64025.7148;10949;;;;;32;32
64085.8906;10961.5;;;;;32;32
64145.9219;10954.9;;;;;32;32
64205.8984;10949.4;74.0459;;;;32;32
64266.0391;10952.2;96.7442;2216.28;10953.7;;32;32
64326.0547;10953.2;70.096;2213.69;;;32;32
64386.0273;10960.5;;;;;32;32
64446.2031;10960.8;62.1709;;;;32;32
64506.1992;10955.1;76.2725;;;;32;32
64566.1914;10955.6;77.4368;;;;32;32
64626.2031;10953.7;97.476;;;;32;32
64686.2266;10954.3;;;;;32;32
64746.3008;10957.1;96.9213;;;;31;31
64806.4727;10965.8;2230.09;;;;31;31
64866.5352;10954.7;;;;;31;31
64926.5352;10960;;;;;31;31
64986.5117;10950;;;;;31;31
65046.6914;10953.4;;;;;31;31
65106.668;10958.3;2233.81;;;;31;31
65166.6641;10955.9;78.1586;;;;31;31
65226.6602;10955.1;2228.71;;;;31;31
65286.8281;10959.4;;;;;31;31
65346.8711;10957.7;;;;;31;31
65406.832;10959;;;;;31;31
65466.9805;10952.9;78.0107;;;;31;31
65526.9102;10952.7;2224.64;;;;30;30
65587.125;10954.7;;;;;30;30
65647.1094;10953.1;;;;;30;30
65707.0937;10949.1;;;;;30;30
65767.2891;10938.8;8397.32;;;;30;30
65827.3203;10943.7;;;;;30;30
65887.2891;10963.1;83.7871;2226.85;;;30;30
65947.375;10964.5;2228.21;;;;30;30
66007.4375;10951.2;;;;;30;30
66067.375;10946.2;2245.54;;;;30;30
66127.5078;10955.9;;;;;30;30
66187.4531;10950;;;;;30;30
66247.6094;10944.1;2206.68;;;;30;30
66307.6484;10949.5;;;;;30;30
66367.6875;10944.8;;;;;29;29
66427.6719;10951.4;;;;;30;30
66487.8828;10946.6;;;;;30;30
66547.8828;10951;;;;;29;29
66607.8047;10966.1;10968.1;2205.02;;;29;29
66667.9766;10966;2237.17;;;;29;29
66727.9219;10950.7;8469.44;;;;30;30
66788.0781;10949;;;;;29;29
66848.0937;10947.6;;;;;29;29
66908.0937;10951.9;2247.79;;;;29;29
66968.2734;10953.4;2221.74;;;;29;29
67028.2734;10952.7;;;;;29;29
67088.2734;10958.6;;;;;29;29
67148.2891;10952.3;74.2827;1541.57;;;29;29
67208.4453;10947.8;;;;;29;29
67268.4609;10936.5;;;;;29;29
67328.4531;10955.3;82.3484;2231.94;;;29;29
67388.6328;10946.6;2224.62;;;;29;29
67448.6016;10957;;;;;28;28
67508.6016;10938.8;93.9469;;;;29;29
67568.7734;10950.9;;;;;29;29
67628.7969;10959.7;;;;;28;28
67688.7656;10939.9;72.5899;;;;29;29
67748.9062;10960;2237.34;;;;28;28
67808.9531;10953.4;2241.07;;;;28;28
67868.9375;10953.5;;;;;28;28
67928.9375;10951.3;;;;;28;28
67989.125;10954.2;2236.67;;;;28;28
68049.1172;10945.4;2224.95;;;;28;28
68109.1719;10959;2216.05;;;;28;28
68169.1797;10960.9;93.6096;2220.47;;;28;28
68229.1797;10954.8;;;;;28;28
68289.3516;10955.1;;;;;28;28
68349.3594;10949;2222.14;;;;28;28
68409.3594;10948.3;2214.9;;;;28;28
68469.5547;10948.8;2214.82;;;;28;28
68529.5625;10956.5;2230.28;;;;27;27
68589.5469;10951.1;;;;;27;27
68649.6953;10949.8;2221.06;;;;27;27
68709.7109;10948.5;2242.29;;;;28;28
68769.7187;10945.2;2234.62;;;;27;27
68829.7109;10949.5;2218.96;;;;27;27
68889.7266;10952.5;;;;;27;27
68949.8906;10940;;;;;27;27
69009.9219;10944.4;2247.57;;;;27;27
69069.9062;10949.8;2242.17;;;;27;27
69130.0937;10953.3;;;;;27;27
69190.1016;10945.9;;;;;27;27
69250.0234;10953.6;2238.1;;;;27;27
69310.2187;10948.3;;;;;27;27
69370.2109;10960.7;;;;;27;27
69430.2266;10952.5;2223.86;;;;27;27
69490.2422;10951.9;2239.35;;;;27;27
69550.3359;10947.8;;;;;27;27
69610.4844;10949.2;2252.64;;;;26;26
69670.4297;10947.9;10961.1;;;;26;26
69730.5391;10952;2224.45;;;;27;27
69790.6406;10953.4;2231.65;;;;27;27
69850.5547;10952.6;2242.96;;;;26;26
69910.7344;10954.1;2236.55;;;;26;26
69970.7031;10953.1;2240.62;;;;26;26
70030.7031;10956;2242.75;;;;26;26
70090.9062;10949.5;2220.39;;;;26;26
70150.9141;10948.6;2235.56;;;;26;26
70210.8906;10952.1;2227.93;;;;26;26
70270.8594;10964;2244.4;;;;26;26
70331.0469;10956;2223.66;;;;26;26
70391.0625;10956.7;;;;;26;26
70451.0156;10952;79.301;2228.43;;;26;26
70511.2187;10955.9;77.2208;2231.74;;;26;26
70571.1953;10951.3;10963.8;2237.74;;;26;26
70631.3281;10952.4;2227.1;;;;26;26
70691.3281;10953.3;2229.94;;;;26;26
70751.3047;10957.9;2228.95;;;;26;26
70811.4766;10951.4;2225.63;;;;26;26
70871.5156;10950.4;2237.94;;;;26;26
70931.4844;10947.2;;;;;26;26
70991.4844;10944.8;;;;;26;26
71051.6562;10952.5;2238.25;;;;26;26
71111.6641;10946.1;;;;;26;26
71171.6406;10946.9;2221.49;;;;26;26
71231.8281;10951.7;2233.81;;;;26;26
71291.8437;10947.4;;;;;25;25
71351.875;10952.2;2239.68;;;;26;26
71411.9062;10953.6;2227.33;;;;26;26
71471.9141;10956.5;2231.45;;;;26;26
71531.9062;10956.2;2239.67;;;;26;26
71592.1094;10965;65.6349;2236.59;;;25;25
71652.1016;10961.2;2233.03;;;;26;26
71712.0859;10963;;;;;26;26
71772.2656;10959.2;2227.76;8444.76;;;25;25
71832.2734;10966.7;81.6599;2228.19;;;25;25
71892.2734;10965;;;;;25;25
71952.4297;10961.2;;;;;25;25
72012.4687;10956.8;2238.61;;;;25;25
72072.4609;10968.8;2226.13;;;;25;25
72132.4531;10969.4;2241.95;;;;25;25
72192.6172;10974.1;2228.05;1541.25;;;25;25
72252.6172;10976.1;2224.75;;;;25;25
72312.5781;10970.5;;;;;25;25
72372.6484;10956.6;;;;;25;25
72432.6641;10959.4;96.5714;2221.34;;;25;25
72492.8594;10962;;;;;25;25
72552.8672;10960.3;;;;;25;25
72612.8672;10942.9;;;;;25;25
72673.0391;10947.8;2237.96;;;;25;25
72733.0703;10943.1;2237.57;;;;25;25
72793.0469;10942.5;;;;;25;25
72853.0469;10957.5;;;;;25;25
72913.25;10977.4;2227.84;;;;25;25
72973.25;10963.5;2230.54;;;;25;25
73033.25;10975.4;2230.18;;;;25;25
73093.2578;10971.8;2226.94;;;;24;24
73153.4531;10961.9;;;;;25;25
73213.4922;10972.2;2234.5;;;;25;25
73273.4922;10971.9;2228.22;;;;25;25
73333.4609;10962;2252.5;;;;25;25
73393.4687;10970.2;2239.85;;;;25;25
73453.6953;10972.1;78.7566;2226.86;;;25;25
73513.7422;10965.5;2199.8;;;;25;25
73573.7266;10960.2;;;;;24;24
73633.7109;10961.6;2204.32;;;;24;24
73693.7344;10963.2;;;;;24;24
73753.8828;10960.8;2219.97;;;;25;25
73813.9141;10963;;;;;24;24
73873.9062;10962.7;1547.16;;;;25;25
73934.0859;10967.1;2223.48;;;;24;24
73994.1172;10962.5;1551.98;2213.97;;;24;24
74054.0625;10963.9;1557.27;;;;24;24
74114.0625;10956.1;;;;;24;24
74174.2109;10959.5;2205.62;;;;24;24
74234.2187;10966.7;2220.32;;;;24;24
74294.2187;10963.2;2213.7;;;;24;24
74354.4062;10965.6;2218.81;;;;24;24
74414.4141;10956.7;2214.94;;;;24;24
74474.3828;10963.8;2226.81;1546.44;;;24;24
74534.5937;10960.4;2225.75;;;;24;24
74594.5781;10959.2;2210.29;;;;24;24
74654.5391;10958.8;2213.19;;;;24;24
74714.7344;10959;1538.52;;;;24;24
74774.7812;10963.3;2214.33;;;;24;24
74834.7578;10962.2;1543.23;;;;24;24
74894.7812;10960;2204.75;;;;24;24
74954.9219;10965.2;92.5174;1535.2;8462.21;;24;24
75014.9453;10965.2;2210.19;;;;24;24
75074.9062;10961.3;1512.25;;;;24;24
75134.9141;10964.9;2199.07;;;;24;24
75195.0703;10960.1;94.2836;;;;24;24
75255.0781;10955.6;2221.89;;;;24;24
